{"file_path": "/home/fanxingyu/whq/softwares/redis/src/dict.c", "function_name": "dictFind", "begin_line": 486, "end_line": 505, "self_time": 3838, "self_total_time": 5056}
{"file_path": "/home/fanxingyu/whq/softwares/redis/src/zmalloc.c", "function_name": "zmalloc", "begin_line": 101, "end_line": 114, "self_time": 1829, "self_total_time": 5700}
{"file_path": "/home/fanxingyu/whq/softwares/redis/src/zmalloc.c", "function_name": "zfree", "begin_line": 198, "end_line": 214, "self_time": 2879, "self_total_time": 10614}
{"file_path": "/home/fanxingyu/whq/softwares/redis/src/networking.c", "function_name": "readQueryFromClient", "begin_line": 2038, "end_line": 2109, "self_time": 2554, "self_total_time": 59439}
{"file_path": "/home/fanxingyu/whq/softwares/redis/src/networking.c", "function_name": "freeClientsInAsyncFreeQueue", "begin_line": 1354, "end_line": 1371, "self_time": 497, "self_total_time": 510}
{"file_path": "/home/fanxingyu/whq/softwares/redis/src/module.c", "function_name": "moduleCount", "begin_line": 7899, "end_line": 7901, "self_time": 657, "self_total_time": 657}
{"file_path": "/home/fanxingyu/whq/softwares/redis/src/slowlog.c", "function_name": "slowlogPushEntryIfNeeded", "begin_line": 123, "end_line": 132, "self_time": 746, "self_total_time": 746}
{"file_path": "/home/fanxingyu/whq/softwares/redis/src/networking.c", "function_name": "clientHasPendingReplies", "begin_line": 922, "end_line": 924, "self_time": 416, "self_total_time": 738}
{"file_path": "/home/fanxingyu/whq/softwares/redis/src/siphash.c", "function_name": "siphash_nocase", "begin_line": 175, "end_line": 233, "self_time": 645, "self_total_time": 772}
{"file_path": "/home/fanxingyu/whq/softwares/redis/src/networking.c", "function_name": "writeToClient", "begin_line": 1390, "end_line": 1487, "self_time": 1802, "self_total_time": 264348}
{"file_path": "/home/fanxingyu/whq/softwares/redis/src/ae.c", "function_name": "aeProcessEvents", "begin_line": 386, "end_line": 512, "self_time": 1152, "self_total_time": 424010}
{"file_path": "/home/fanxingyu/whq/softwares/redis/src/server.c", "function_name": "ustime", "begin_line": 1118, "end_line": 1126, "self_time": 362, "self_total_time": 4478}
{"file_path": "/home/fanxingyu/whq/softwares/redis/src/db.c", "function_name": "expireIfNeeded", "begin_line": 1398, "end_line": 1420, "self_time": 487, "self_total_time": 703}
{"file_path": "/home/fanxingyu/whq/softwares/redis/src/aof.c", "function_name": "flushAppendOnlyFile", "begin_line": 340, "end_line": 522, "self_time": 504, "self_total_time": 772}
{"file_path": "/home/fanxingyu/whq/softwares/redis/src/networking.c", "function_name": "authRequired", "begin_line": 100, "end_line": 107, "self_time": 586, "self_total_time": 586}
{"file_path": "/home/fanxingyu/whq/softwares/redis/src/server.c", "function_name": "call", "begin_line": 3337, "end_line": 3512, "self_time": 2164, "self_total_time": 17688}
{"file_path": "/home/fanxingyu/whq/softwares/redis/src/connection.c", "function_name": "connSocketEventHandler", "begin_line": 255, "end_line": 307, "self_time": 500, "self_total_time": 103220}
{"file_path": "/home/fanxingyu/whq/softwares/redis/src/object.c", "function_name": "decrRefCount", "begin_line": 361, "end_line": 378, "self_time": 811, "self_total_time": 1298}
{"file_path": "/home/fanxingyu/whq/softwares/redis/deps/jemalloc/src/jemalloc.c", "function_name": "imalloc_body", "begin_line": 1786, "end_line": 1981, "self_time": 273, "self_total_time": 1424}
{"file_path": "/home/fanxingyu/whq/softwares/redis/src/expire.c", "function_name": "activeExpireCycle", "begin_line": 123, "end_line": 328, "self_time": 492, "self_total_time": 1905}
{"file_path": "/home/fanxingyu/whq/softwares/redis/src/server.c", "function_name": "beforeSleep", "begin_line": 2112, "end_line": 2212, "self_time": 736, "self_total_time": 543035}
{"file_path": "/home/fanxingyu/whq/softwares/redis/src/db.c", "function_name": "genericSetKey", "begin_line": 250, "end_line": 259, "self_time": 235, "self_total_time": 3928}
{"file_path": "/home/fanxingyu/whq/softwares/redis/src/server.c", "function_name": "dictSdsKeyCompare", "begin_line": 1163, "end_line": 1173, "self_time": 403, "self_total_time": 487}
{"file_path": "/home/fanxingyu/whq/softwares/redis/src/sds.c", "function_name": "sdsrange", "begin_line": 746, "end_line": 772, "self_time": 348, "self_total_time": 472}
{"file_path": "/home/fanxingyu/whq/softwares/redis/src/util.c", "function_name": "string2ll", "begin_line": 377, "end_line": 441, "self_time": 421, "self_total_time": 421}
{"file_path": "/home/fanxingyu/whq/softwares/redis/src/multi.c", "function_name": "touchWatchedKey", "begin_line": 345, "end_line": 362, "self_time": 284, "self_total_time": 284}
{"file_path": "/home/fanxingyu/whq/softwares/redis/src/object.c", "function_name": "tryObjectEncoding", "begin_line": 439, "end_line": 516, "self_time": 321, "self_total_time": 606}
{"file_path": "/home/fanxingyu/whq/softwares/redis/src/db.c", "function_name": "getExpire", "begin_line": 1304, "end_line": 1315, "self_time": 216, "self_total_time": 216}
{"file_path": "/home/fanxingyu/whq/softwares/redis/src/server.c", "function_name": "processCommand", "begin_line": 3554, "end_line": 3798, "self_time": 966, "self_total_time": 24346}
{"file_path": "/home/fanxingyu/whq/softwares/redis/src/timeout.c", "function_name": "handleBlockedClientsTimeout", "begin_line": 136, "end_line": 154, "self_time": 468, "self_total_time": 468}
{"file_path": "/home/fanxingyu/whq/softwares/redis/src/networking.c", "function_name": "handleClientsWithPendingWritesUsingThreads", "begin_line": 3226, "end_line": 3307, "self_time": 373, "self_total_time": 373}
{"file_path": "/home/fanxingyu/whq/softwares/redis/src/adlist.c", "function_name": "listRewind", "begin_line": 206, "end_line": 209, "self_time": 262, "self_total_time": 262}
{"file_path": "/home/fanxingyu/whq/softwares/redis/src/ae.c", "function_name": "processTimeEvents", "begin_line": 288, "end_line": 369, "self_time": 543, "self_total_time": 2944}
{"file_path": "/home/fanxingyu/whq/softwares/redis/src/networking.c", "function_name": "clientInstallWriteHandler", "begin_line": 202, "end_line": 219, "self_time": 405, "self_total_time": 1633}
{"file_path": "/home/fanxingyu/whq/softwares/redis/src/object.c", "function_name": "createStringObject", "begin_line": 119, "end_line": 124, "self_time": 156, "self_total_time": 156}
{"file_path": "/home/fanxingyu/whq/softwares/redis/src/networking.c", "function_name": "handleClientsWithPendingReadsUsingThreads", "begin_line": 3334, "end_line": 3409, "self_time": 218, "self_total_time": 218}
{"file_path": "/home/fanxingyu/whq/softwares/redis/src/server.c", "function_name": "hasActiveChildProcess", "begin_line": 1481, "end_line": 1485, "self_time": 380, "self_total_time": 615}
{"file_path": "/home/fanxingyu/whq/softwares/redis/src/adlist.c", "function_name": "listNext", "begin_line": 230, "end_line": 241, "self_time": 384, "self_total_time": 384}
{"file_path": "/home/fanxingyu/whq/softwares/redis/src/db.c", "function_name": "lookupKeyReadOrReply", "begin_line": 169, "end_line": 173, "self_time": 169, "self_total_time": 1860}
{"file_path": "/home/fanxingyu/whq/softwares/redis/src/networking.c", "function_name": "processMultibulkBuffer", "begin_line": 1728, "end_line": 1873, "self_time": 984, "self_total_time": 9408}
{"file_path": "/home/fanxingyu/whq/softwares/redis/src/replication.c", "function_name": "replicationFeedSlaves", "begin_line": 208, "end_line": 308, "self_time": 256, "self_total_time": 278}
{"file_path": "/home/fanxingyu/whq/softwares/redis/src/t_string.c", "function_name": "setCommand", "begin_line": 103, "end_line": 153, "self_time": 275, "self_total_time": 839}
{"file_path": "/home/fanxingyu/whq/softwares/redis/src/blocked.c", "function_name": "handleClientsBlockedOnKeys", "begin_line": 486, "end_line": 539, "self_time": 511, "self_total_time": 511}
{"file_path": "/home/fanxingyu/whq/softwares/redis/src/networking.c", "function_name": "handleClientsWithPendingWrites", "begin_line": 1499, "end_line": 1540, "self_time": 451, "self_total_time": 266216}
{"file_path": "/home/fanxingyu/whq/softwares/redis/src/module.c", "function_name": "moduleCallCommandFilters", "begin_line": 6592, "end_line": 6618, "self_time": 474, "self_total_time": 474}
{"file_path": "/home/fanxingyu/whq/softwares/redis/src/siphash.c", "function_name": "siphash", "begin_line": 116, "end_line": 173, "self_time": 375, "self_total_time": 375}
{"file_path": "/home/fanxingyu/whq/softwares/redis/src/db.c", "function_name": "dbOverwrite", "begin_line": 220, "end_line": 237, "self_time": 196, "self_total_time": 846}
{"file_path": "/home/fanxingyu/whq/softwares/redis/src/module.c", "function_name": "moduleNotifyKeyspaceEvent", "begin_line": 5088, "end_line": 5118, "self_time": 195, "self_total_time": 195}
{"file_path": "/home/fanxingyu/whq/softwares/redis/src/notify.c", "function_name": "notifyKeyspaceEvent", "begin_line": 99, "end_line": 140, "self_time": 146, "self_total_time": 340}
{"file_path": "/home/fanxingyu/whq/softwares/redis/src/tls.c", "function_name": "tlsHasPendingData", "begin_line": 917, "end_line": 919, "self_time": 87, "self_total_time": 87}
{"file_path": "/home/fanxingyu/whq/softwares/redis/src/networking.c", "function_name": "addReply", "begin_line": 345, "end_line": 362, "self_time": 97, "self_total_time": 1002}
{"file_path": "/home/fanxingyu/whq/softwares/redis/src/ae.c", "function_name": "aeSetDontWait", "begin_line": 102, "end_line": 107, "self_time": 122, "self_total_time": 122}
{"file_path": "/home/fanxingyu/whq/softwares/redis/src/connection.c", "function_name": "connSocketRead", "begin_line": 182, "end_line": 197, "self_time": 96, "self_total_time": 56123}
{"file_path": "/home/fanxingyu/whq/softwares/redis/src/object.c", "function_name": "createEmbeddedStringObject", "begin_line": 84, "end_line": 110, "self_time": 519, "self_total_time": 3928}
{"file_path": "/home/fanxingyu/whq/softwares/redis/src/dict.c", "function_name": "dictGenericDelete", "begin_line": 374, "end_line": 409, "self_time": 103, "self_total_time": 103}
{"file_path": "/home/fanxingyu/whq/softwares/redis/src/server.c", "function_name": "dictSdsKeyCaseCompare", "begin_line": 1177, "end_line": 1183, "self_time": 219, "self_total_time": 219}
{"file_path": "/home/fanxingyu/whq/softwares/redis/src/tracking.c", "function_name": "trackingBroadcastInvalidationMessages", "begin_line": 493, "end_line": 539, "self_time": 138, "self_total_time": 138}
{"file_path": "/home/fanxingyu/whq/softwares/redis/src/acl.c", "function_name": "ACLCheckCommandPerm", "begin_line": 1113, "end_line": 1185, "self_time": 334, "self_total_time": 334}
{"file_path": "/home/fanxingyu/whq/softwares/redis/src/dict.c", "function_name": "dictGenCaseHashFunction", "begin_line": 94, "end_line": 96, "self_time": 110, "self_total_time": 110}
{"file_path": "/home/fanxingyu/whq/softwares/redis/src/networking.c", "function_name": "commandProcessed", "begin_line": 1880, "end_line": 1911, "self_time": 264, "self_total_time": 3124}
{"file_path": "/home/fanxingyu/whq/softwares/redis/src/connection.c", "function_name": "connSocketWrite", "begin_line": 167, "end_line": 180, "self_time": 155, "self_total_time": 262400}
{"file_path": "/home/fanxingyu/whq/softwares/redis/src/networking.c", "function_name": "freeClientArgv", "begin_line": 1118, "end_line": 1125, "self_time": 147, "self_total_time": 2460}
{"file_path": "/home/fanxingyu/whq/softwares/redis/src/networking.c", "function_name": "prepareClientToWrite", "begin_line": 243, "end_line": 275, "self_time": 257, "self_total_time": 2223}
{"file_path": "/home/fanxingyu/whq/softwares/redis/src/networking.c", "function_name": "resetClient", "begin_line": 1543, "end_line": 1570, "self_time": 239, "self_total_time": 2699}
{"file_path": "/home/fanxingyu/whq/softwares/redis/src/sds.c", "function_name": "sdsMakeRoomFor", "begin_line": 205, "end_line": 250, "self_time": 139, "self_total_time": 184}
{"file_path": "/home/fanxingyu/whq/softwares/redis/src/db.c", "function_name": "signalModifiedKey", "begin_line": 558, "end_line": 561, "self_time": 28, "self_total_time": 28}
{"file_path": "/home/fanxingyu/whq/softwares/redis/src/object.c", "function_name": "freeStringObject", "begin_line": 281, "end_line": 285, "self_time": 48, "self_total_time": 48}
{"file_path": "/home/fanxingyu/whq/softwares/redis/src/t_string.c", "function_name": "getGenericCommand", "begin_line": 170, "end_line": 183, "self_time": 71, "self_total_time": 2189}
{"file_path": "/home/fanxingyu/whq/softwares/redis/src/networking.c", "function_name": "processCommandAndResetClient", "begin_line": 1921, "end_line": 1933, "self_time": 78, "self_total_time": 29932}
{"file_path": "/home/fanxingyu/whq/softwares/redis/src/rax.c", "function_name": "raxSize", "begin_line": 1822, "end_line": 1824, "self_time": 66, "self_total_time": 66}
{"file_path": "/home/fanxingyu/whq/softwares/redis/src/object.c", "function_name": "stringObjectLen", "begin_line": 606, "end_line": 613, "self_time": 156, "self_total_time": 307}
{"file_path": "/home/fanxingyu/whq/softwares/redis/src/networking.c", "function_name": "_addReplyToBuffer", "begin_line": 284, "end_line": 299, "self_time": 66, "self_total_time": 66}
{"file_path": "/home/fanxingyu/whq/softwares/redis/src/server.c", "function_name": "afterSleep", "begin_line": 2217, "end_line": 2226, "self_time": 103, "self_total_time": 105}
{"file_path": "/home/fanxingyu/whq/softwares/redis/src/connection.c", "function_name": "connGetPrivateData", "begin_line": 137, "end_line": 139, "self_time": 59, "self_total_time": 59}
{"file_path": "/home/fanxingyu/whq/softwares/redis/src/dict.c", "function_name": "dictFetchValue", "begin_line": 507, "end_line": 512, "self_time": 39, "self_total_time": 4154}
{"file_path": "/home/fanxingyu/whq/softwares/redis/deps/jemalloc/src/jemalloc.c", "function_name": "imalloc", "begin_line": 1984, "end_line": 2010, "self_time": 63, "self_total_time": 1554}
{"file_path": "/home/fanxingyu/whq/softwares/redis/src/adlist.c", "function_name": "listDelNode", "begin_line": 168, "end_line": 181, "self_time": 118, "self_total_time": 1239}
{"file_path": "/home/fanxingyu/whq/softwares/redis/src/db.c", "function_name": "lookupKey", "begin_line": 62, "end_line": 81, "self_time": 93, "self_total_time": 977}
{"file_path": "/home/fanxingyu/whq/softwares/redis/src/networking.c", "function_name": "processInputBuffer", "begin_line": 1952, "end_line": 2036, "self_time": 174, "self_total_time": 42749}
{"file_path": "/home/fanxingyu/whq/softwares/redis/src/t_string.c", "function_name": "setGenericCommand", "begin_line": 74, "end_line": 100, "self_time": 115, "self_total_time": 5926}
{"file_path": "/home/fanxingyu/whq/softwares/redis/src/siphash.c", "function_name": "siptlw", "begin_line": 50, "end_line": 56, "self_time": 127, "self_total_time": 127}
{"file_path": "/home/fanxingyu/whq/softwares/redis/src/server.c", "function_name": "updateCachedTime", "begin_line": 1763, "end_line": 1779, "self_time": 14, "self_total_time": 1720}
{"file_path": "/home/fanxingyu/whq/softwares/redis/src/server.c", "function_name": "writeCommandsDeniedByDiskError", "begin_line": 3930, "end_line": 3943, "self_time": 49, "self_total_time": 49}
{"file_path": "/home/fanxingyu/whq/softwares/redis/src/networking.c", "function_name": "addReplyBulk", "begin_line": 770, "end_line": 774, "self_time": 85, "self_total_time": 1878}
{"file_path": "/home/fanxingyu/whq/softwares/redis/src/ae.c", "function_name": "aeGetTime", "begin_line": 202, "end_line": 209, "self_time": 60, "self_total_time": 2249}
{"file_path": "/home/fanxingyu/whq/softwares/redis/src/ae.c", "function_name": "aeSearchNearestTimer", "begin_line": 272, "end_line": 285, "self_time": 25, "self_total_time": 25}
{"file_path": "/home/fanxingyu/whq/softwares/redis/src/dict.c", "function_name": "dictGenHashFunction", "begin_line": 90, "end_line": 92, "self_time": 2, "self_total_time": 2}
{"file_path": "/home/fanxingyu/whq/softwares/redis/src/server.c", "function_name": "dictSdsCaseHash", "begin_line": 1216, "end_line": 1218, "self_time": 31, "self_total_time": 438}
{"file_path": "/home/fanxingyu/whq/softwares/redis/deps/jemalloc/src/jemalloc.c", "function_name": "ifree", "begin_line": 2191, "end_line": 2228, "self_time": 54, "self_total_time": 320}
{"file_path": "/home/fanxingyu/whq/softwares/redis/src/adlist.c", "function_name": "listAddNodeHead", "begin_line": 89, "end_line": 107, "self_time": 55, "self_total_time": 1221}
{"file_path": "/home/fanxingyu/whq/softwares/redis/src/server.c", "function_name": "lookupCommand", "begin_line": 3195, "end_line": 3197, "self_time": 15, "self_total_time": 4245}
{"file_path": "/home/fanxingyu/whq/softwares/redis/src/server.c", "function_name": "redisOpArrayInit", "begin_line": 3158, "end_line": 3161, "self_time": 6, "self_total_time": 6}
{"file_path": "/home/fanxingyu/whq/softwares/redis/src/sds.c", "function_name": "sdsIncrLen", "begin_line": 336, "end_line": 375, "self_time": 23, "self_total_time": 23}
{"file_path": "/home/fanxingyu/whq/softwares/redis/src/util.c", "function_name": "string2l", "begin_line": 466, "end_line": 477, "self_time": 17, "self_total_time": 49}
{"file_path": "/home/fanxingyu/whq/softwares/redis/src/tracking.c", "function_name": "trackingInvalidateKey", "begin_line": 357, "end_line": 359, "self_time": 27, "self_total_time": 172}
{"file_path": "/home/fanxingyu/whq/softwares/redis/src/tracking.c", "function_name": "trackingInvalidateKeyRaw", "begin_line": 308, "end_line": 353, "self_time": 113, "self_total_time": 113}
{"file_path": "/home/fanxingyu/whq/softwares/redis/src/zmalloc.c", "function_name": "zmalloc_used_memory", "begin_line": 224, "end_line": 228, "self_time": 38, "self_total_time": 38}
{"file_path": "/home/fanxingyu/whq/softwares/redis/src/networking.c", "function_name": "addReplyBulkLen", "begin_line": 760, "end_line": 767, "self_time": 21, "self_total_time": 1594}
{"file_path": "/home/fanxingyu/whq/softwares/redis/src/ae.c", "function_name": "aeMain", "begin_line": 536, "end_line": 543, "self_time": 11, "self_total_time": 424021}
{"file_path": "/home/fanxingyu/whq/softwares/redis/src/dict.c", "function_name": "dictDelete", "begin_line": 413, "end_line": 415, "self_time": 9, "self_total_time": 99}
{"file_path": "/home/fanxingyu/whq/softwares/redis/src/server.c", "function_name": "dictSdsHash", "begin_line": 1212, "end_line": 1214, "self_time": 18, "self_total_time": 181}
{"file_path": "/home/fanxingyu/whq/softwares/redis/src/t_string.c", "function_name": "getCommand", "begin_line": 185, "end_line": 187, "self_time": 8, "self_total_time": 2197}
{"file_path": "/home/fanxingyu/whq/softwares/redis/deps/jemalloc/src/jemalloc.c", "function_name": "imalloc_no_sample", "begin_line": 1671, "end_line": 1711, "self_time": 0, "self_total_time": 1085}
{"file_path": "/home/fanxingyu/whq/softwares/redis/src/db.c", "function_name": "keyIsExpired", "begin_line": 1342, "end_line": 1377, "self_time": 0, "self_total_time": 216}
{"file_path": "/home/fanxingyu/whq/softwares/redis/src/db.c", "function_name": "lookupKeyReadWithFlags", "begin_line": 105, "end_line": 147, "self_time": 19, "self_total_time": 1691}
{"file_path": "/home/fanxingyu/whq/softwares/redis/src/db.c", "function_name": "lookupKeyWrite", "begin_line": 165, "end_line": 167, "self_time": 0, "self_total_time": 1236}
{"file_path": "/home/fanxingyu/whq/softwares/redis/src/db.c", "function_name": "lookupKeyWriteWithFlags", "begin_line": 160, "end_line": 163, "self_time": 0, "self_total_time": 1236}
{"file_path": "/home/fanxingyu/whq/softwares/redis/src/server.c", "function_name": "main", "begin_line": 5300, "end_line": 5539, "self_time": 0, "self_total_time": 424551}
{"file_path": "/home/fanxingyu/whq/softwares/redis/src/server.c", "function_name": "propagate", "begin_line": 3238, "end_line": 3245, "self_time": 46, "self_total_time": 479}
{"file_path": "/home/fanxingyu/whq/softwares/redis/src/db.c", "function_name": "removeExpire", "begin_line": 1277, "end_line": 1282, "self_time": 23, "self_total_time": 693}
{"file_path": "/home/fanxingyu/whq/softwares/redis/src/server.c", "function_name": "serverCron", "begin_line": 1848, "end_line": 2094, "self_time": 0, "self_total_time": 4}
{"file_path": "/home/fanxingyu/whq/softwares/redis/src/object.c", "function_name": "trimStringObjectIfNeeded", "begin_line": 430, "end_line": 436, "self_time": 0, "self_total_time": 132}
{"file_path": "/home/fanxingyu/whq/softwares/redis/src/zmalloc.c", "function_name": "zmalloc_get_rss", "begin_line": 250, "end_line": 280, "self_time": 0, "self_total_time": 1}
{"file_path": "/home/fanxingyu/whq/softwares/redis/src/networking.c", "function_name": "clientsArePaused", "begin_line": 3001, "end_line": 3024, "self_time": 22, "self_total_time": 22}
{"file_path": "/home/fanxingyu/whq/softwares/redis/src/evict.c", "function_name": "LRU_CLOCK", "begin_line": 78, "end_line": 86, "self_time": 4, "self_total_time": 4}
{"file_path": "/home/fanxingyu/whq/softwares/redis/src/connection.c", "function_name": "connSocketClose", "begin_line": 148, "end_line": 165, "self_time": 0, "self_total_time": 11}
{"file_path": "/home/fanxingyu/whq/softwares/redis/src/networking.c", "function_name": "freeClient", "begin_line": 1208, "end_line": 1327, "self_time": 0, "self_total_time": 12}
{"file_path": "/home/fanxingyu/whq/softwares/redis/src/networking.c", "function_name": "unlinkClient", "begin_line": 1142, "end_line": 1206, "self_time": 0, "self_total_time": 11}
{"file_path": "/home/fanxingyu/whq/softwares/redis/src/server.c", "function_name": "clientsCronTrackClientsMemUsage", "begin_line": 1614, "end_line": 1631, "self_time": 1, "self_total_time": 1}
{"file_path": "/home/fanxingyu/whq/softwares/redis/src/networking.c", "function_name": "postponeClientRead", "begin_line": 3313, "end_line": 3326, "self_time": 2, "self_total_time": 2}
{"file_path": "/home/fanxingyu/whq/softwares/redis/src/server.c", "function_name": "clientsCron", "begin_line": 1661, "end_line": 1695, "self_time": 0, "self_total_time": 2}
{"file_path": "/home/fanxingyu/whq/softwares/redis/deps/jemalloc/src/extent.c", "function_name": "extent_recycle_split", "begin_line": 1011, "end_line": 1054, "self_time": 0, "self_total_time": 1}
{"file_path": "/home/fanxingyu/whq/softwares/redis/src/server.c", "function_name": "clientsCronResizeQueryBuffer", "begin_line": 1526, "end_line": 1564, "self_time": 0, "self_total_time": 1}
{"file_path": "/home/fanxingyu/whq/softwares/redis/deps/jemalloc/src/extent.c", "function_name": "extent_coalesce", "begin_line": 1506, "end_line": 1524, "self_time": 0, "self_total_time": 1}
{"file_path": "/home/fanxingyu/whq/softwares/redis/deps/jemalloc/src/large.c", "function_name": "large_dalloc_finish_impl", "begin_line": 329, "end_line": 333, "self_time": 0, "self_total_time": 2}
{"file_path": "/home/fanxingyu/whq/softwares/redis/src/sds.c", "function_name": "sdsRemoveFreeSpace", "begin_line": 258, "end_line": 293, "self_time": 0, "self_total_time": 1}
{"file_path": "/home/fanxingyu/whq/softwares/redis/src/dict.c", "function_name": "dictRelease", "begin_line": 479, "end_line": 484, "self_time": 0, "self_total_time": 1}
{"file_path": "/home/fanxingyu/whq/softwares/redis/deps/jemalloc/src/extent.c", "function_name": "extent_lock_from_addr", "begin_line": 161, "end_line": 174, "self_time": 0, "self_total_time": 1}
