{"file_path": "/home/fanxingyu/whq/softwares/rocksdb/util/crc32c.cc", "function_name": "Slow_CRC32", "begin_line": 329, "end_line": 343, "self_time": 79588, "self_total_time": 79588}
{"file_path": "/home/fanxingyu/whq/softwares/rocksdb/util/crc32c.cc", "function_name": "ExtendImpl", "begin_line": 360, "end_line": 401, "self_time": 26779, "self_total_time": 106476}
{"file_path": "/home/fanxingyu/whq/softwares/rocksdb/util/comparator.cc", "function_name": "Compare", "begin_line": 27, "end_line": 29, "self_time": 18044, "self_total_time": 19504}
{"file_path": "/home/fanxingyu/whq/softwares/rocksdb/db/write_thread.cc", "function_name": "ExitAsMemTableWriter", "begin_line": 545, "end_line": 575, "self_time": 4178, "self_total_time": 4211}
{"file_path": "/home/fanxingyu/whq/softwares/rocksdb/db/write_thread.cc", "function_name": "SetState", "begin_line": 210, "end_line": 221, "self_time": 3571, "self_total_time": 5270}
{"file_path": "/home/fanxingyu/whq/softwares/rocksdb/db/memtable.cc", "function_name": "Add", "begin_line": 471, "end_line": 591, "self_time": 7891, "self_total_time": 154229}
{"file_path": "/home/fanxingyu/whq/softwares/rocksdb/table/block_based/block_based_table_reader.cc", "function_name": "MaybeReadBlockAndLoadToCache", "begin_line": 1416, "end_line": 1565, "self_time": 2940, "self_total_time": 159050}
{"file_path": "/home/fanxingyu/whq/softwares/rocksdb/cache/lru_cache.cc", "function_name": "FindPointer", "begin_line": 64, "end_line": 70, "self_time": 3217, "self_total_time": 3365}
{"file_path": "/home/fanxingyu/whq/softwares/rocksdb/db/db_impl/db_impl_write.cc", "function_name": "PipelinedWriteImpl", "begin_line": 460, "end_line": 597, "self_time": 5326, "self_total_time": 355060}
{"file_path": "/home/fanxingyu/whq/softwares/rocksdb/db/write_thread.cc", "function_name": "ExitAsBatchGroupLeader", "begin_line": 617, "end_line": 734, "self_time": 2648, "self_total_time": 8968}
{"file_path": "/home/fanxingyu/whq/softwares/rocksdb/db/write_batch.cc", "function_name": "~WriteBatch", "begin_line": 309, "end_line": 309, "self_time": 1222, "self_total_time": 3725}
{"file_path": "/home/fanxingyu/whq/softwares/rocksdb/port/port_posix.cc", "function_name": "Lock", "begin_line": 76, "end_line": 81, "self_time": 1145, "self_total_time": 12917}
{"file_path": "/home/fanxingyu/whq/softwares/rocksdb/db/write_thread.cc", "function_name": "LinkOne", "begin_line": 223, "end_line": 255, "self_time": 1761, "self_total_time": 1804}
{"file_path": "/home/fanxingyu/whq/softwares/rocksdb/db/db_impl/db_impl.cc", "function_name": "GetImpl", "begin_line": 1526, "end_line": 1712, "self_time": 1204, "self_total_time": 223584}
{"file_path": "/home/fanxingyu/whq/softwares/rocksdb/db/memtable.cc", "function_name": "NewRangeTombstoneIterator", "begin_line": 425, "end_line": 444, "self_time": 1062, "self_total_time": 1064}
{"file_path": "/home/fanxingyu/whq/softwares/rocksdb/db/log_writer.cc", "function_name": "AddRecord", "begin_line": 51, "end_line": 113, "self_time": 1658, "self_total_time": 129651}
{"file_path": "/home/fanxingyu/whq/softwares/rocksdb/util/random.cc", "function_name": "GetTLSInstance", "begin_line": 25, "end_line": 36, "self_time": 1405, "self_total_time": 1405}
{"file_path": "/home/fanxingyu/whq/softwares/rocksdb/db/write_batch.cc", "function_name": "Put", "begin_line": 787, "end_line": 791, "self_time": 958, "self_total_time": 17432}
{"file_path": "/home/fanxingyu/whq/softwares/rocksdb/db/write_thread.cc", "function_name": "EnterAsMemTableWriter", "begin_line": 486, "end_line": 543, "self_time": 2090, "self_total_time": 3466}
{"file_path": "/home/fanxingyu/whq/softwares/rocksdb/db/write_batch.cc", "function_name": "SeekToColumnFamily", "begin_line": 1358, "end_line": 1396, "self_time": 1212, "self_total_time": 2283}
{"file_path": "/home/fanxingyu/whq/softwares/rocksdb/db/write_batch.cc", "function_name": "Iterate", "begin_line": 514, "end_line": 521, "self_time": 1007, "self_total_time": 166500}
{"file_path": "/home/fanxingyu/whq/softwares/rocksdb/cache/lru_cache.cc", "function_name": "LRU_Remove", "begin_line": 178, "end_line": 194, "self_time": 953, "self_total_time": 1494}
{"file_path": "/home/fanxingyu/whq/softwares/rocksdb/db/db_impl/db_impl_write.cc", "function_name": "MergeBatch", "begin_line": 950, "end_line": 988, "self_time": 1328, "self_total_time": 1501}
{"file_path": "/home/fanxingyu/whq/softwares/rocksdb/db/db_impl/db_impl_write.cc", "function_name": "WriteToWAL", "begin_line": 1025, "end_line": 1092, "self_time": 1733, "self_total_time": 136364}
{"file_path": "/home/fanxingyu/whq/softwares/rocksdb/db/write_batch.cc", "function_name": "ComputeContentFlags", "begin_line": 339, "end_line": 353, "self_time": 798, "self_total_time": 815}
{"file_path": "/home/fanxingyu/whq/softwares/rocksdb/db/column_family.cc", "function_name": "GetColumnFamilyID", "begin_line": 1546, "end_line": 1553, "self_time": 2139, "self_total_time": 2155}
{"file_path": "/home/fanxingyu/whq/softwares/rocksdb/db/write_batch.cc", "function_name": "InsertInto", "begin_line": 1967, "end_line": 1998, "self_time": 1143, "self_total_time": 167834}
{"file_path": "/home/fanxingyu/whq/softwares/rocksdb/file/writable_file_writer.cc", "function_name": "Flush", "begin_line": 168, "end_line": 222, "self_time": 1164, "self_total_time": 105213}
{"file_path": "/home/fanxingyu/whq/softwares/rocksdb/db/db_impl/db_impl.cc", "function_name": "DefaultColumnFamily", "begin_line": 1501, "end_line": 1503, "self_time": 621, "self_total_time": 621}
{"file_path": "/home/fanxingyu/whq/softwares/rocksdb/db/write_thread.cc", "function_name": "AwaitState", "begin_line": 62, "end_line": 208, "self_time": 659, "self_total_time": 659}
{"file_path": "/home/fanxingyu/whq/softwares/rocksdb/db/db_impl/db_impl_write.cc", "function_name": "WriteStatusCheck", "begin_line": 832, "end_line": 841, "self_time": 806, "self_total_time": 814}
{"file_path": "/home/fanxingyu/whq/softwares/rocksdb/util/coding.cc", "function_name": "EncodeVarint32", "begin_line": 23, "end_line": 49, "self_time": 772, "self_total_time": 772}
{"file_path": "/home/fanxingyu/whq/softwares/rocksdb/port/port_posix.cc", "function_name": "Unlock", "begin_line": 83, "end_line": 88, "self_time": 593, "self_total_time": 7859}
{"file_path": "/home/fanxingyu/whq/softwares/rocksdb/db/version_set.cc", "function_name": "Get", "begin_line": 1748, "end_line": 1888, "self_time": 1054, "self_total_time": 189053}
{"file_path": "/home/fanxingyu/whq/softwares/rocksdb/cache/sharded_cache.cc", "function_name": "Lookup", "begin_line": 54, "end_line": 57, "self_time": 890, "self_total_time": 981}
{"file_path": "/home/fanxingyu/whq/softwares/rocksdb/db/write_batch.cc", "function_name": "PutCFImpl", "begin_line": 1398, "end_line": 1501, "self_time": 1506, "self_total_time": 160831}
{"file_path": "/home/fanxingyu/whq/softwares/rocksdb/db/dbformat.cc", "function_name": "PackSequenceAndType", "begin_line": 29, "end_line": 33, "self_time": 581, "self_total_time": 581}
{"file_path": "/home/fanxingyu/whq/softwares/rocksdb/tools/db_bench_tool.cc", "function_name": "Get", "begin_line": 1525, "end_line": 1527, "self_time": 574, "self_total_time": 574}
{"file_path": "/home/fanxingyu/whq/softwares/rocksdb/db/write_batch.cc", "function_name": "WriteBatch", "begin_line": 246, "end_line": 252, "self_time": 774, "self_total_time": 9185}
{"file_path": "/home/fanxingyu/whq/softwares/rocksdb/tools/db_bench_tool.cc", "function_name": "SelectDBWithCfh", "begin_line": 4351, "end_line": 4357, "self_time": 562, "self_total_time": 562}
{"file_path": "/home/fanxingyu/whq/softwares/rocksdb/db/compaction/compaction_iterator.cc", "function_name": "NextFromInput", "begin_line": 238, "end_line": 639, "self_time": 2997, "self_total_time": 54278}
{"file_path": "/home/fanxingyu/whq/softwares/rocksdb/db/write_batch.cc", "function_name": "~Handler", "begin_line": 311, "end_line": 311, "self_time": 542, "self_total_time": 542}
{"file_path": "/home/fanxingyu/whq/softwares/rocksdb/cache/sharded_cache.cc", "function_name": "Insert", "begin_line": 46, "end_line": 52, "self_time": 632, "self_total_time": 15599}
{"file_path": "/home/fanxingyu/whq/softwares/rocksdb/db/log_writer.cc", "function_name": "EmitPhysicalRecord", "begin_line": 117, "end_line": 159, "self_time": 746, "self_total_time": 4195}
{"file_path": "/home/fanxingyu/whq/softwares/rocksdb/db/column_family.cc", "function_name": "GetDefault", "begin_line": 1434, "end_line": 1437, "self_time": 511, "self_total_time": 511}
{"file_path": "/home/fanxingyu/whq/softwares/rocksdb/util/crc32c.cc", "function_name": "Extend", "begin_line": 1251, "end_line": 1253, "self_time": 494, "self_total_time": 494}
{"file_path": "/home/fanxingyu/whq/softwares/rocksdb/table/block_based/block.cc", "function_name": "BinarySeek", "begin_line": 668, "end_line": 702, "self_time": 1509, "self_total_time": 12710}
{"file_path": "/home/fanxingyu/whq/softwares/rocksdb/db/db_impl/db_impl_write.cc", "function_name": "Put", "begin_line": 1807, "end_line": 1836, "self_time": 810, "self_total_time": 395601}
{"file_path": "/home/fanxingyu/whq/softwares/rocksdb/db/column_family.cc", "function_name": "Seek", "begin_line": 1520, "end_line": 1529, "self_time": 890, "self_total_time": 890}
{"file_path": "/home/fanxingyu/whq/softwares/rocksdb/db/write_thread.cc", "function_name": "JoinBatchGroup", "begin_line": 373, "end_line": 405, "self_time": 547, "self_total_time": 3041}
{"file_path": "/home/fanxingyu/whq/softwares/rocksdb/tools/db_bench_tool.cc", "function_name": "FinishedOps", "begin_line": 1977, "end_line": 2089, "self_time": 1233, "self_total_time": 1245}
{"file_path": "/home/fanxingyu/whq/softwares/rocksdb/tools/db_bench_tool.cc", "function_name": "BGWriter", "begin_line": 5831, "end_line": 5899, "self_time": 1107, "self_total_time": 411146}
{"file_path": "/home/fanxingyu/whq/softwares/rocksdb/env/io_posix.cc", "function_name": "Append", "begin_line": 1150, "end_line": 1165, "self_time": 893, "self_total_time": 97900}
{"file_path": "/home/fanxingyu/whq/softwares/rocksdb/db/write_batch.cc", "function_name": "HasMerge", "begin_line": 377, "end_line": 379, "self_time": 468, "self_total_time": 521}
{"file_path": "/home/fanxingyu/whq/softwares/rocksdb/tools/db_bench_tool.cc", "function_name": "ReadRandom", "begin_line": 5057, "end_line": 5128, "self_time": 731, "self_total_time": 226246}
{"file_path": "/home/fanxingyu/whq/softwares/rocksdb/tools/db_bench_tool.cc", "function_name": "Generate", "begin_line": 1612, "end_line": 1619, "self_time": 589, "self_total_time": 589}
{"file_path": "/home/fanxingyu/whq/softwares/rocksdb/table/block_based/block_based_table_iterator.cc", "function_name": "NextAndGetResult", "begin_line": 187, "end_line": 196, "self_time": 943, "self_total_time": 49828}
{"file_path": "/home/fanxingyu/whq/softwares/rocksdb/table/merging_iterator.cc", "function_name": "Valid", "begin_line": 84, "end_line": 84, "self_time": 398, "self_total_time": 398}
{"file_path": "/home/fanxingyu/whq/softwares/rocksdb/file/writable_file_writer.cc", "function_name": "WriteBuffered", "begin_line": 292, "end_line": 345, "self_time": 1318, "self_total_time": 102477}
{"file_path": "/home/fanxingyu/whq/softwares/rocksdb/file/random_access_file_reader.cc", "function_name": "Read", "begin_line": 25, "end_line": 169, "self_time": 719, "self_total_time": 42507}
{"file_path": "/home/fanxingyu/whq/softwares/rocksdb/db/write_batch.cc", "function_name": "Count", "begin_line": 735, "end_line": 737, "self_time": 374, "self_total_time": 991}
{"file_path": "/home/fanxingyu/whq/softwares/rocksdb/table/block_based/block.cc", "function_name": "ParseNextDataKey", "begin_line": 501, "end_line": 573, "self_time": 1024, "self_total_time": 3545}
{"file_path": "/home/fanxingyu/whq/softwares/rocksdb/tools/db_bench_tool.cc", "function_name": "Generate", "begin_line": 1501, "end_line": 1508, "self_time": 528, "self_total_time": 528}
{"file_path": "/home/fanxingyu/whq/softwares/rocksdb/monitoring/perf_level.cc", "function_name": "GetPerfLevel", "begin_line": 24, "end_line": 26, "self_time": 690, "self_total_time": 690}
{"file_path": "/home/fanxingyu/whq/softwares/rocksdb/db/write_thread.cc", "function_name": "CreateMissingNewerLinks", "begin_line": 282, "end_line": 292, "self_time": 514, "self_total_time": 514}
{"file_path": "/home/fanxingyu/whq/softwares/rocksdb/db/memtable.cc", "function_name": "UpdateFlushState", "begin_line": 208, "end_line": 217, "self_time": 367, "self_total_time": 5241}
{"file_path": "/home/fanxingyu/whq/softwares/rocksdb/db/version_set.cc", "function_name": "NextAndGetResult", "begin_line": 1121, "end_line": 1130, "self_time": 380, "self_total_time": 19983}
{"file_path": "/home/fanxingyu/whq/softwares/rocksdb/db/write_batch.cc", "function_name": "PutCF", "begin_line": 1503, "end_line": 1506, "self_time": 323, "self_total_time": 162373}
{"file_path": "/home/fanxingyu/whq/softwares/rocksdb/table/block_based/block_based_table_reader.cc", "function_name": "PutDataBlockToCache", "begin_line": 1236, "end_line": 1336, "self_time": 469, "self_total_time": 14258}
{"file_path": "/home/fanxingyu/whq/softwares/rocksdb/util/coding.cc", "function_name": "GetVarint64Ptr", "begin_line": 72, "end_line": 87, "self_time": 447, "self_total_time": 447}
{"file_path": "/home/fanxingyu/whq/softwares/rocksdb/table/block_based/block_based_table_builder.cc", "function_name": "status", "begin_line": 1233, "end_line": 1233, "self_time": 272, "self_total_time": 565}
{"file_path": "/home/fanxingyu/whq/softwares/rocksdb/cache/lru_cache.cc", "function_name": "LRU_Insert", "begin_line": 196, "end_line": 220, "self_time": 385, "self_total_time": 473}
{"file_path": "/home/fanxingyu/whq/softwares/rocksdb/table/block_based/block_based_table_reader.cc", "function_name": "GetDataBlockFromCache", "begin_line": 1136, "end_line": 1233, "self_time": 317, "self_total_time": 6054}
{"file_path": "/home/fanxingyu/whq/softwares/rocksdb/memtable/skiplistrep.cc", "function_name": "ApproximateMemoryUsage", "begin_line": 75, "end_line": 78, "self_time": 264, "self_total_time": 264}
{"file_path": "/home/fanxingyu/whq/softwares/rocksdb/table/merging_iterator.cc", "function_name": "Next", "begin_line": 159, "end_line": 190, "self_time": 446, "self_total_time": 63243}
{"file_path": "/home/fanxingyu/whq/softwares/rocksdb/file/writable_file_writer.cc", "function_name": "Append", "begin_line": 24, "end_line": 95, "self_time": 604, "self_total_time": 6929}
{"file_path": "/home/fanxingyu/whq/softwares/rocksdb/db/memtable.cc", "function_name": "Next", "begin_line": 374, "end_line": 379, "self_time": 577, "self_total_time": 744}
{"file_path": "/home/fanxingyu/whq/softwares/rocksdb/table/block_based/flush_block_policy.cc", "function_name": "Update", "begin_line": 33, "end_line": 47, "self_time": 410, "self_total_time": 708}
{"file_path": "/home/fanxingyu/whq/softwares/rocksdb/db/write_batch.cc", "function_name": "Count", "begin_line": 337, "end_line": 337, "self_time": 248, "self_total_time": 248}
{"file_path": "/home/fanxingyu/whq/softwares/rocksdb/db/db_impl/db_impl_write.cc", "function_name": "PreprocessWrite", "begin_line": 868, "end_line": 948, "self_time": 781, "self_total_time": 1418}
{"file_path": "/home/fanxingyu/whq/softwares/rocksdb/db/db_impl/db_impl_write.cc", "function_name": "WriteToWAL", "begin_line": 992, "end_line": 1023, "self_time": 640, "self_total_time": 132077}
{"file_path": "/home/fanxingyu/whq/softwares/rocksdb/table/block_based/block_based_table_builder.cc", "function_name": "InternalAdd", "begin_line": 239, "end_line": 244, "self_time": 243, "self_total_time": 253}
{"file_path": "/home/fanxingyu/whq/softwares/rocksdb/table/meta_blocks.cc", "function_name": "NotifyCollectTableCollectorsOnAdd", "begin_line": 148, "end_line": 162, "self_time": 544, "self_total_time": 652}
{"file_path": "/home/fanxingyu/whq/softwares/rocksdb/table/block_based/block_based_table_reader.cc", "function_name": "Get", "begin_line": 2195, "end_line": 2372, "self_time": 1220, "self_total_time": 184914}
{"file_path": "/home/fanxingyu/whq/softwares/rocksdb/db/compaction/compaction_iterator.cc", "function_name": "PrepareOutput", "begin_line": 641, "end_line": 685, "self_time": 629, "self_total_time": 1694}
{"file_path": "/home/fanxingyu/whq/softwares/rocksdb/db/write_batch.cc", "function_name": "Iterate", "begin_line": 523, "end_line": 725, "self_time": 1052, "self_total_time": 165186}
{"file_path": "/home/fanxingyu/whq/softwares/rocksdb/table/block_based/block_based_table_reader.cc", "function_name": "GetEntryFromCache", "begin_line": 435, "end_line": 448, "self_time": 362, "self_total_time": 5602}
{"file_path": "/home/fanxingyu/whq/softwares/rocksdb/db/builder.cc", "function_name": "BuildTable", "begin_line": 68, "end_line": 272, "self_time": 525, "self_total_time": 42916}
{"file_path": "/home/fanxingyu/whq/softwares/rocksdb/db/db_impl/db_impl_write.cc", "function_name": "WriteImpl", "begin_line": 66, "end_line": 458, "self_time": 443, "self_total_time": 358578}
{"file_path": "/home/fanxingyu/whq/softwares/rocksdb/table/block_based/block.cc", "function_name": "NumRestarts", "begin_line": 831, "end_line": 851, "self_time": 376, "self_total_time": 454}
{"file_path": "/home/fanxingyu/whq/softwares/rocksdb/util/comparator.cc", "function_name": "Equal", "begin_line": 31, "end_line": 31, "self_time": 213, "self_total_time": 244}
{"file_path": "/home/fanxingyu/whq/softwares/rocksdb/memory/arena.cc", "function_name": "AllocateAligned", "begin_line": 156, "end_line": 199, "self_time": 516, "self_total_time": 516}
{"file_path": "/home/fanxingyu/whq/softwares/rocksdb/table/block_based/block_based_table_builder.cc", "function_name": "Add", "begin_line": 737, "end_line": 832, "self_time": 1206, "self_total_time": 54435}
{"file_path": "/home/fanxingyu/whq/softwares/rocksdb/db/compaction/compaction_job.cc", "function_name": "ProcessKeyValueCompaction", "begin_line": 814, "end_line": 1079, "self_time": 700, "self_total_time": 104676}
{"file_path": "/home/fanxingyu/whq/softwares/rocksdb/tools/db_bench_tool.cc", "function_name": "NeedTruncate", "begin_line": 1528, "end_line": 1530, "self_time": 210, "self_total_time": 210}
{"file_path": "/home/fanxingyu/whq/softwares/rocksdb/db/memtable.cc", "function_name": "GetFromTable", "begin_line": 840, "end_line": 868, "self_time": 457, "self_total_time": 28947}
{"file_path": "/home/fanxingyu/whq/softwares/rocksdb/tools/db_bench_tool.cc", "function_name": "GenerateKeyFromInt", "begin_line": 2776, "end_line": 2816, "self_time": 399, "self_total_time": 439}
{"file_path": "/home/fanxingyu/whq/softwares/rocksdb/table/format.cc", "function_name": "DecodeFrom", "begin_line": 57, "end_line": 66, "self_time": 207, "self_total_time": 259}
{"file_path": "/home/fanxingyu/whq/softwares/rocksdb/db/db_impl/db_impl_write.cc", "function_name": "Put", "begin_line": 20, "end_line": 23, "self_time": 356, "self_total_time": 397333}
{"file_path": "/home/fanxingyu/whq/softwares/rocksdb/db/table_cache.cc", "function_name": "Get", "begin_line": 368, "end_line": 446, "self_time": 416, "self_total_time": 186453}
{"file_path": "/home/fanxingyu/whq/softwares/rocksdb/db/write_batch.cc", "function_name": "MemTableInserter", "begin_line": 1269, "end_line": 1304, "self_time": 560, "self_total_time": 560}
{"file_path": "/home/fanxingyu/whq/softwares/rocksdb/db/version_edit.cc", "function_name": "UpdateBoundaries", "begin_line": 92, "end_line": 133, "self_time": 348, "self_total_time": 1335}
{"file_path": "/home/fanxingyu/whq/softwares/rocksdb/table/block_based/block_builder.cc", "function_name": "Add", "begin_line": 140, "end_line": 199, "self_time": 716, "self_total_time": 7564}
{"file_path": "/home/fanxingyu/whq/softwares/rocksdb/monitoring/perf_level.cc", "function_name": "SetPerfLevel", "begin_line": 18, "end_line": 22, "self_time": 346, "self_total_time": 346}
{"file_path": "/home/fanxingyu/whq/softwares/rocksdb/table/block_fetcher.cc", "function_name": "CheckBlockChecksum", "begin_line": 33, "end_line": 68, "self_time": 217, "self_total_time": 896}
{"file_path": "/home/fanxingyu/whq/softwares/rocksdb/db/write_batch.cc", "function_name": "CheckMemtableFull", "begin_line": 1773, "end_line": 1811, "self_time": 349, "self_total_time": 507}
{"file_path": "/home/fanxingyu/whq/softwares/rocksdb/db/memtable.cc", "function_name": "Valid", "begin_line": 324, "end_line": 324, "self_time": 175, "self_total_time": 175}
{"file_path": "/home/fanxingyu/whq/softwares/rocksdb/db/write_batch.cc", "function_name": "ReadRecordFromWriteBatch", "begin_line": 414, "end_line": 512, "self_time": 379, "self_total_time": 1235}
{"file_path": "/home/fanxingyu/whq/softwares/rocksdb/table/block_based/block_based_table_iterator.cc", "function_name": "CheckOutOfBound", "begin_line": 360, "end_line": 367, "self_time": 311, "self_total_time": 311}
{"file_path": "/home/fanxingyu/whq/softwares/rocksdb/table/block_based/binary_search_index_reader.cc", "function_name": "NewIterator", "begin_line": 42, "end_line": 72, "self_time": 311, "self_total_time": 1390}
{"file_path": "/home/fanxingyu/whq/softwares/rocksdb/db/memtable.cc", "function_name": "ShouldFlushNow", "begin_line": 148, "end_line": 206, "self_time": 412, "self_total_time": 4661}
{"file_path": "/home/fanxingyu/whq/softwares/rocksdb/cache/sharded_cache.cc", "function_name": "Release", "begin_line": 64, "end_line": 67, "self_time": 395, "self_total_time": 396}
{"file_path": "/home/fanxingyu/whq/softwares/rocksdb/util/thread_local.cc", "function_name": "Swap", "begin_line": 417, "end_line": 425, "self_time": 232, "self_total_time": 332}
{"file_path": "/home/fanxingyu/whq/softwares/rocksdb/table/block_based/block_based_table_reader.cc", "function_name": "GetCacheKey", "begin_line": 591, "end_line": 601, "self_time": 207, "self_total_time": 331}
{"file_path": "/home/fanxingyu/whq/softwares/rocksdb/table/block_based/block.cc", "function_name": "Seek", "begin_line": 377, "end_line": 416, "self_time": 266, "self_total_time": 13432}
{"file_path": "/home/fanxingyu/whq/softwares/rocksdb/table/merging_iterator.cc", "function_name": "key", "begin_line": 234, "end_line": 237, "self_time": 176, "self_total_time": 176}
{"file_path": "/home/fanxingyu/whq/softwares/rocksdb/db/compaction/compaction_iterator.cc", "function_name": "Next", "begin_line": 135, "end_line": 183, "self_time": 573, "self_total_time": 86106}
{"file_path": "/home/fanxingyu/whq/softwares/rocksdb/table/block_based/block.cc", "function_name": "ApproximateMemoryUsage", "begin_line": 995, "end_line": 1006, "self_time": 156, "self_total_time": 325}
{"file_path": "/home/fanxingyu/whq/softwares/rocksdb/table/block_based/index_reader_common.cc", "function_name": "GetOrReadIndexBlock", "begin_line": 34, "end_line": 53, "self_time": 157, "self_total_time": 284}
{"file_path": "/home/fanxingyu/whq/softwares/rocksdb/table/block_based/flush_block_policy.cc", "function_name": "BlockAlmostFull", "begin_line": 50, "end_line": 66, "self_time": 220, "self_total_time": 220}
{"file_path": "/home/fanxingyu/whq/softwares/rocksdb/db/write_batch.cc", "function_name": "Put", "begin_line": 755, "end_line": 785, "self_time": 377, "self_total_time": 13750}
{"file_path": "/home/fanxingyu/whq/softwares/rocksdb/table/block_based/block.cc", "function_name": "Seek", "begin_line": 239, "end_line": 257, "self_time": 362, "self_total_time": 5648}
{"file_path": "/home/fanxingyu/whq/softwares/rocksdb/db/memtable.cc", "function_name": "key", "begin_line": 386, "end_line": 389, "self_time": 147, "self_total_time": 8125}
{"file_path": "/home/fanxingyu/whq/softwares/rocksdb/cache/lru_cache.cc", "function_name": "EvictFromLRU", "begin_line": 235, "end_line": 249, "self_time": 186, "self_total_time": 2519}
{"file_path": "/home/fanxingyu/whq/softwares/rocksdb/table/block_fetcher.cc", "function_name": "ReadBlockContents", "begin_line": 226, "end_line": 329, "self_time": 611, "self_total_time": 165837}
{"file_path": "/home/fanxingyu/whq/softwares/rocksdb/table/block_based/block.cc", "function_name": "Next", "begin_line": 130, "end_line": 133, "self_time": 262, "self_total_time": 2232}
{"file_path": "/home/fanxingyu/whq/softwares/rocksdb/db/write_thread.cc", "function_name": "LinkGroup", "begin_line": 257, "end_line": 280, "self_time": 326, "self_total_time": 1672}
{"file_path": "/home/fanxingyu/whq/softwares/rocksdb/table/block_based/block.cc", "function_name": "ParseNextIndexKey", "begin_line": 575, "end_line": 621, "self_time": 397, "self_total_time": 1647}
{"file_path": "/home/fanxingyu/whq/softwares/rocksdb/table/block_based/block_based_table_iterator.cc", "function_name": "FindKeyForward", "begin_line": 276, "end_line": 291, "self_time": 187, "self_total_time": 187}
{"file_path": "/home/fanxingyu/whq/softwares/rocksdb/db/version_set.cc", "function_name": "SkipEmptyFileForward", "begin_line": 1138, "end_line": 1160, "self_time": 283, "self_total_time": 297}
{"file_path": "/home/fanxingyu/whq/softwares/rocksdb/table/block_based/block.cc", "function_name": "IndexType", "begin_line": 853, "end_line": 864, "self_time": 214, "self_total_time": 214}
{"file_path": "/home/fanxingyu/whq/softwares/rocksdb/table/block_based/block_based_table_reader.cc", "function_name": "UpdateCacheInsertionMetrics", "begin_line": 342, "end_line": 433, "self_time": 359, "self_total_time": 359}
{"file_path": "/home/fanxingyu/whq/softwares/rocksdb/monitoring/thread_status_updater.cc", "function_name": "GetLocalThreadStatus", "begin_line": 206, "end_line": 216, "self_time": 262, "self_total_time": 262}
{"file_path": "/home/fanxingyu/whq/softwares/rocksdb/table/format.cc", "function_name": "UncompressBlockContentsForCompressionType", "begin_line": 340, "end_line": 451, "self_time": 282, "self_total_time": 45752}
{"file_path": "/home/fanxingyu/whq/softwares/rocksdb/table/block_based/block_based_table_reader.cc", "function_name": "RetrieveBlock", "begin_line": 1827, "end_line": 1890, "self_time": 230, "self_total_time": 193636}
{"file_path": "/home/fanxingyu/whq/softwares/rocksdb/util/comparator.cc", "function_name": "CompareWithoutTimestamp", "begin_line": 129, "end_line": 132, "self_time": 219, "self_total_time": 249}
{"file_path": "/home/fanxingyu/whq/softwares/rocksdb/cache/lru_cache.cc", "function_name": "Insert", "begin_line": 339, "end_line": 417, "self_time": 266, "self_total_time": 14587}
{"file_path": "/home/fanxingyu/whq/softwares/rocksdb/table/format.cc", "function_name": "ShouldReportDetailedTime", "begin_line": 45, "end_line": 48, "self_time": 169, "self_total_time": 169}
{"file_path": "/home/fanxingyu/whq/softwares/rocksdb/table/block_based/block_based_table_reader.cc", "function_name": "NewIndexIterator", "begin_line": 1372, "end_line": 1384, "self_time": 113, "self_total_time": 208}
{"file_path": "/home/fanxingyu/whq/softwares/rocksdb/db/memtable_list.cc", "function_name": "GetFromList", "begin_line": 151, "end_line": 184, "self_time": 177, "self_total_time": 3811}
{"file_path": "/home/fanxingyu/whq/softwares/rocksdb/db/compaction/compaction_job.cc", "function_name": "ShouldStopBefore", "begin_line": 203, "end_line": 232, "self_time": 112, "self_total_time": 258}
{"file_path": "/home/fanxingyu/whq/softwares/rocksdb/table/block_based/data_block_footer.cc", "function_name": "UnPackIndexTypeAndNumRestarts", "begin_line": 41, "end_line": 57, "self_time": 150, "self_total_time": 150}
{"file_path": "/home/fanxingyu/whq/softwares/rocksdb/table/block_based/block.cc", "function_name": "Block", "begin_line": 872, "end_line": 927, "self_time": 353, "self_total_time": 876}
{"file_path": "/home/fanxingyu/whq/softwares/rocksdb/table/block_based/block_based_table_iterator.cc", "function_name": "Next", "begin_line": 177, "end_line": 185, "self_time": 160, "self_total_time": 47522}
{"file_path": "/home/fanxingyu/whq/softwares/rocksdb/table/block_based/block_based_table_iterator.cc", "function_name": "FindBlockForward", "begin_line": 293, "end_line": 337, "self_time": 167, "self_total_time": 44288}
{"file_path": "/home/fanxingyu/whq/softwares/rocksdb/db/column_family.cc", "function_name": "GetThreadLocalSuperVersion", "begin_line": 1153, "end_line": 1200, "self_time": 128, "self_total_time": 603}
{"file_path": "/home/fanxingyu/whq/softwares/rocksdb/table/format.cc", "function_name": "DecodeFrom", "begin_line": 109, "end_line": 133, "self_time": 168, "self_total_time": 871}
{"file_path": "/home/fanxingyu/whq/softwares/rocksdb/table/block_based/block.cc", "function_name": "DecodeCurrentValue", "begin_line": 634, "end_line": 662, "self_time": 84, "self_total_time": 1104}
{"file_path": "/home/fanxingyu/whq/softwares/rocksdb/table/merging_iterator.cc", "function_name": "CurrentForward", "begin_line": 333, "end_line": 336, "self_time": 83, "self_total_time": 146}
{"file_path": "/home/fanxingyu/whq/softwares/rocksdb/db/write_thread.cc", "function_name": "EnterAsBatchGroupLeader", "begin_line": 407, "end_line": 484, "self_time": 161, "self_total_time": 161}
{"file_path": "/home/fanxingyu/whq/softwares/rocksdb/env/io_posix.cc", "function_name": "Read", "begin_line": 566, "end_line": 605, "self_time": 142, "self_total_time": 40801}
{"file_path": "/home/fanxingyu/whq/softwares/rocksdb/tools/db_bench_tool.cc", "function_name": "GetRandomKey", "begin_line": 5036, "end_line": 5055, "self_time": 97, "self_total_time": 175}
{"file_path": "/home/fanxingyu/whq/softwares/rocksdb/db/memtable.cc", "function_name": "UpdateOldestKeyTime", "begin_line": 219, "end_line": 232, "self_time": 139, "self_total_time": 155}
{"file_path": "/home/fanxingyu/whq/softwares/rocksdb/table/block_fetcher.cc", "function_name": "TryGetFromPrefetchBuffer", "begin_line": 91, "end_line": 104, "self_time": 98, "self_total_time": 146}
{"file_path": "/home/fanxingyu/whq/softwares/rocksdb/db/column_family.cc", "function_name": "ReturnThreadLocalSuperVersion", "begin_line": 1202, "end_line": 1218, "self_time": 163, "self_total_time": 700}
{"file_path": "/home/fanxingyu/whq/softwares/rocksdb/table/get_context.cc", "function_name": "SaveValue", "begin_line": 213, "end_line": 367, "self_time": 239, "self_total_time": 449}
{"file_path": "/home/fanxingyu/whq/softwares/rocksdb/cache/lru_cache.cc", "function_name": "Lookup", "begin_line": 271, "end_line": 284, "self_time": 95, "self_total_time": 3954}
{"file_path": "/home/fanxingyu/whq/softwares/rocksdb/table/block_based/block_builder.cc", "function_name": "EstimateSizeAfterKV", "begin_line": 89, "end_line": 115, "self_time": 189, "self_total_time": 355}
{"file_path": "/home/fanxingyu/whq/softwares/rocksdb/cache/lru_cache.cc", "function_name": "Insert", "begin_line": 38, "end_line": 52, "self_time": 280, "self_total_time": 1099}
{"file_path": "/home/fanxingyu/whq/softwares/rocksdb/util/thread_local.cc", "function_name": "Instance", "begin_line": 248, "end_line": 275, "self_time": 138, "self_total_time": 138}
{"file_path": "/home/fanxingyu/whq/softwares/rocksdb/table/block_based/block.cc", "function_name": "NewIndexIterator", "begin_line": 964, "end_line": 993, "self_time": 175, "self_total_time": 716}
{"file_path": "/home/fanxingyu/whq/softwares/rocksdb/util/hash.cc", "function_name": "Hash64", "begin_line": 78, "end_line": 81, "self_time": 70, "self_total_time": 70}
{"file_path": "/home/fanxingyu/whq/softwares/rocksdb/db/db_impl/db_impl.cc", "function_name": "Get", "begin_line": 1509, "end_line": 1513, "self_time": 77, "self_total_time": 224002}
{"file_path": "/home/fanxingyu/whq/softwares/rocksdb/util/thread_local.cc", "function_name": "CompareAndSwap", "begin_line": 542, "end_line": 544, "self_time": 138, "self_total_time": 175}
{"file_path": "/home/fanxingyu/whq/softwares/rocksdb/monitoring/thread_status_updater.cc", "function_name": "SetThreadOperationProperty", "begin_line": 85, "end_line": 91, "self_time": 95, "self_total_time": 362}
{"file_path": "/home/fanxingyu/whq/softwares/rocksdb/table/get_context.cc", "function_name": "GetContext", "begin_line": 41, "end_line": 72, "self_time": 91, "self_total_time": 190}
{"file_path": "/home/fanxingyu/whq/softwares/rocksdb/table/block_based/block.cc", "function_name": "NewDataIterator", "begin_line": 929, "end_line": 962, "self_time": 102, "self_total_time": 163}
{"file_path": "/home/fanxingyu/whq/softwares/rocksdb/table/block_based/block_based_table_reader.cc", "function_name": "NewRangeTombstoneIterator", "begin_line": 2105, "end_line": 2116, "self_time": 73, "self_total_time": 76}
{"file_path": "/home/fanxingyu/whq/softwares/rocksdb/monitoring/instrumented_mutex.cc", "function_name": "Lock", "begin_line": 25, "end_line": 30, "self_time": 109, "self_total_time": 8271}
{"file_path": "/home/fanxingyu/whq/softwares/rocksdb/db/write_batch.cc", "function_name": "MaybeAdvanceSeq", "begin_line": 1337, "end_line": 1341, "self_time": 71, "self_total_time": 71}
{"file_path": "/home/fanxingyu/whq/softwares/rocksdb/memtable/skiplistrep.cc", "function_name": "Allocate", "begin_line": 30, "end_line": 33, "self_time": 93, "self_total_time": 6666}
{"file_path": "/home/fanxingyu/whq/softwares/rocksdb/db/column_family.cc", "function_name": "GetMemTable", "begin_line": 1536, "end_line": 1539, "self_time": 55, "self_total_time": 153}
{"file_path": "/home/fanxingyu/whq/softwares/rocksdb/db/memtable_list.cc", "function_name": "Get", "begin_line": 106, "end_line": 115, "self_time": 64, "self_total_time": 3808}
{"file_path": "/home/fanxingyu/whq/softwares/rocksdb/table/block_based/block_based_table_builder.cc", "function_name": "WriteBlock", "begin_line": 906, "end_line": 937, "self_time": 105, "self_total_time": 38826}
{"file_path": "/home/fanxingyu/whq/softwares/rocksdb/util/thread_local.cc", "function_name": "Swap", "begin_line": 538, "end_line": 540, "self_time": 76, "self_total_time": 107}
{"file_path": "/home/fanxingyu/whq/softwares/rocksdb/db/db_impl/db_impl.cc", "function_name": "GetAndRefSuperVersion", "begin_line": 3108, "end_line": 3111, "self_time": 52, "self_total_time": 52}
{"file_path": "/home/fanxingyu/whq/softwares/rocksdb/table/block_based/block_based_table_reader.cc", "function_name": "FullFilterKeyMayMatch", "begin_line": 2118, "end_line": 2151, "self_time": 107, "self_total_time": 107}
{"file_path": "/home/fanxingyu/whq/softwares/rocksdb/cache/lru_cache.cc", "function_name": "GetShard", "begin_line": 496, "end_line": 498, "self_time": 51, "self_total_time": 51}
{"file_path": "/home/fanxingyu/whq/softwares/rocksdb/env/io_posix.cc", "function_name": "PosixWrite", "begin_line": 98, "end_line": 118, "self_time": 49, "self_total_time": 96895}
{"file_path": "/home/fanxingyu/whq/softwares/rocksdb/file/writable_file_writer.cc", "function_name": "CalculateFileChecksum", "begin_line": 347, "end_line": 351, "self_time": 49, "self_total_time": 105}
{"file_path": "/home/fanxingyu/whq/softwares/rocksdb/db/compaction/compaction_iterator.cc", "function_name": "InvokeFilterIfNeeded", "begin_line": 185, "end_line": 236, "self_time": 106, "self_total_time": 106}
{"file_path": "/home/fanxingyu/whq/softwares/rocksdb/cache/lru_cache.cc", "function_name": "Release", "begin_line": 302, "end_line": 337, "self_time": 78, "self_total_time": 2231}
{"file_path": "/home/fanxingyu/whq/softwares/rocksdb/table/format.cc", "function_name": "EncodeTo", "begin_line": 93, "end_line": 107, "self_time": 61, "self_total_time": 135}
{"file_path": "/home/fanxingyu/whq/softwares/rocksdb/monitoring/thread_status_util.cc", "function_name": "SetThreadOperationProperty", "begin_line": 81, "end_line": 89, "self_time": 52, "self_total_time": 52}
{"file_path": "/home/fanxingyu/whq/softwares/rocksdb/env/io_posix.cc", "function_name": "GetFileSize", "begin_line": 1278, "end_line": 1281, "self_time": 43, "self_total_time": 43}
{"file_path": "/home/fanxingyu/whq/softwares/rocksdb/table/block_based/block_based_table_builder.cc", "function_name": "InsertBlockInCache", "begin_line": 1247, "end_line": 1284, "self_time": 61, "self_total_time": 68}
{"file_path": "/home/fanxingyu/whq/softwares/rocksdb/db/version_set.cc", "function_name": "GetNextFile", "begin_line": 153, "end_line": 238, "self_time": 131, "self_total_time": 689}
{"file_path": "/home/fanxingyu/whq/softwares/rocksdb/db/version_set.cc", "function_name": "PrepareNextLevel", "begin_line": 275, "end_line": 348, "self_time": 139, "self_total_time": 266}
{"file_path": "/home/fanxingyu/whq/softwares/rocksdb/db/db_impl/db_impl_write.cc", "function_name": "Write", "begin_line": 51, "end_line": 53, "self_time": 40, "self_total_time": 358512}
{"file_path": "/home/fanxingyu/whq/softwares/rocksdb/db/memtable.cc", "function_name": "SaveValue", "begin_line": 626, "end_line": 776, "self_time": 143, "self_total_time": 655}
{"file_path": "/home/fanxingyu/whq/softwares/rocksdb/monitoring/instrumented_mutex.cc", "function_name": "stats_for_report", "begin_line": 14, "end_line": 21, "self_time": 40, "self_total_time": 40}
{"file_path": "/home/fanxingyu/whq/softwares/rocksdb/db/version_set.cc", "function_name": "FilePicker", "begin_line": 113, "end_line": 149, "self_time": 65, "self_total_time": 210}
{"file_path": "/home/fanxingyu/whq/softwares/rocksdb/table/block_fetcher.cc", "function_name": "InsertUncompressedBlockToPersistentCacheIfNeeded", "begin_line": 156, "end_line": 164, "self_time": 39, "self_total_time": 74}
{"file_path": "/home/fanxingyu/whq/softwares/rocksdb/table/block_based/block_based_table_builder.cc", "function_name": "Flush", "begin_line": 834, "end_line": 897, "self_time": 59, "self_total_time": 90}
{"file_path": "/home/fanxingyu/whq/softwares/rocksdb/table/iterator.cc", "function_name": "~Cleanable", "begin_line": 22, "end_line": 22, "self_time": 38, "self_total_time": 856}
{"file_path": "/home/fanxingyu/whq/softwares/rocksdb/db/db_impl/db_impl.cc", "function_name": "ReturnAndCleanupSuperVersion", "begin_line": 3146, "end_line": 3151, "self_time": 48, "self_total_time": 649}
{"file_path": "/home/fanxingyu/whq/softwares/rocksdb/table/block_based/block_based_table_reader.cc", "function_name": "InitBlockIterator", "begin_line": 1387, "end_line": 1395, "self_time": 47, "self_total_time": 112}
{"file_path": "/home/fanxingyu/whq/softwares/rocksdb/table/iterator.cc", "function_name": "Cleanable", "begin_line": 17, "end_line": 20, "self_time": 53, "self_total_time": 53}
{"file_path": "/home/fanxingyu/whq/softwares/rocksdb/util/thread_local.cc", "function_name": "GetThreadLocal", "begin_line": 368, "end_line": 397, "self_time": 86, "self_total_time": 86}
{"file_path": "/home/fanxingyu/whq/softwares/rocksdb/table/iterator.cc", "function_name": "RegisterCleanup", "begin_line": 83, "end_line": 96, "self_time": 102, "self_total_time": 138}
{"file_path": "/home/fanxingyu/whq/softwares/rocksdb/table/block_fetcher.cc", "function_name": "PrepareBufferForBlockFromFile", "begin_line": 128, "end_line": 144, "self_time": 64, "self_total_time": 65}
{"file_path": "/home/fanxingyu/whq/softwares/rocksdb/table/block_based/block_prefetcher.cc", "function_name": "PrefetchIfNeeded", "begin_line": 12, "end_line": 55, "self_time": 56, "self_total_time": 56}
{"file_path": "/home/fanxingyu/whq/softwares/rocksdb/db/memtable.cc", "function_name": "Get", "begin_line": 778, "end_line": 838, "self_time": 122, "self_total_time": 30260}
{"file_path": "/home/fanxingyu/whq/softwares/rocksdb/db/write_batch.cc", "function_name": "~MemTableInserter", "begin_line": 1306, "end_line": 1322, "self_time": 103, "self_total_time": 103}
{"file_path": "/home/fanxingyu/whq/softwares/rocksdb/db/memtable.cc", "function_name": "value", "begin_line": 390, "end_line": 394, "self_time": 33, "self_total_time": 1878}
{"file_path": "/home/fanxingyu/whq/softwares/rocksdb/table/block_based/block_based_table_iterator.cc", "function_name": "InitDataBlock", "begin_line": 217, "end_line": 248, "self_time": 67, "self_total_time": 40813}
{"file_path": "/home/fanxingyu/whq/softwares/rocksdb/db/range_del_aggregator.cc", "function_name": "ShouldDelete", "begin_line": 363, "end_line": 370, "self_time": 31, "self_total_time": 89}
{"file_path": "/home/fanxingyu/whq/softwares/rocksdb/table/block_based/block_based_table_builder.cc", "function_name": "BlockAdd", "begin_line": 246, "end_line": 252, "self_time": 30, "self_total_time": 30}
{"file_path": "/home/fanxingyu/whq/softwares/rocksdb/env/io_posix.cc", "function_name": "Flush", "begin_line": 1255, "end_line": 1258, "self_time": 30, "self_total_time": 103}
{"file_path": "/home/fanxingyu/whq/softwares/rocksdb/table/block_based/block_based_table_builder.cc", "function_name": "CompressAndVerifyBlock", "begin_line": 952, "end_line": 1053, "self_time": 88, "self_total_time": 21248}
{"file_path": "/home/fanxingyu/whq/softwares/rocksdb/table/block_based/block_based_table_builder.cc", "function_name": "EstimatedFileSize", "begin_line": 1682, "end_line": 1690, "self_time": 49, "self_total_time": 134}
{"file_path": "/home/fanxingyu/whq/softwares/rocksdb/table/block_based/reader_common.cc", "function_name": "ForceReleaseCachedEntry", "begin_line": 15, "end_line": 19, "self_time": 28, "self_total_time": 28}
{"file_path": "/home/fanxingyu/whq/softwares/rocksdb/db/write_batch.cc", "function_name": "sequence", "begin_line": 1345, "end_line": 1345, "self_time": 28, "self_total_time": 28}
{"file_path": "/home/fanxingyu/whq/softwares/rocksdb/db/dbformat.cc", "function_name": "FindShortestSeparator", "begin_line": 137, "end_line": 154, "self_time": 50, "self_total_time": 330}
{"file_path": "/home/fanxingyu/whq/softwares/rocksdb/table/block_based/block_based_table_builder.cc", "function_name": "WriteBlock", "begin_line": 899, "end_line": 904, "self_time": 30, "self_total_time": 38885}
{"file_path": "/home/fanxingyu/whq/softwares/rocksdb/db/write_batch.cc", "function_name": "IsLatestPersistentState", "begin_line": 727, "end_line": 729, "self_time": 26, "self_total_time": 26}
{"file_path": "/home/fanxingyu/whq/softwares/rocksdb/table/meta_blocks.cc", "function_name": "NotifyCollectTableCollectorsOnBlockAdd", "begin_line": 164, "end_line": 172, "self_time": 34, "self_total_time": 42}
{"file_path": "/home/fanxingyu/whq/softwares/rocksdb/table/block_based/block_based_table_reader.cc", "function_name": "UpdateCacheMissMetrics", "begin_line": 290, "end_line": 340, "self_time": 81, "self_total_time": 88}
{"file_path": "/home/fanxingyu/whq/softwares/rocksdb/table/block_based/block_based_table_builder.cc", "function_name": "PushBack", "begin_line": 538, "end_line": 545, "self_time": 22, "self_total_time": 22}
{"file_path": "/home/fanxingyu/whq/softwares/rocksdb/table/block_based/block_builder.cc", "function_name": "Finish", "begin_line": 117, "end_line": 138, "self_time": 34, "self_total_time": 204}
{"file_path": "/home/fanxingyu/whq/softwares/rocksdb/table/block_based/block_based_table_reader.cc", "function_name": "ReadBlockFromFile", "begin_line": 160, "end_line": 184, "self_time": 49, "self_total_time": 33102}
{"file_path": "/home/fanxingyu/whq/softwares/rocksdb/db/write_batch.cc", "function_name": "AppendedByteSize", "begin_line": 2083, "end_line": 2090, "self_time": 21, "self_total_time": 21}
{"file_path": "/home/fanxingyu/whq/softwares/rocksdb/file/file_prefetch_buffer.cc", "function_name": "TryReadFromCache", "begin_line": 107, "end_line": 143, "self_time": 43, "self_total_time": 43}
{"file_path": "/home/fanxingyu/whq/softwares/rocksdb/cache/lru_cache.cc", "function_name": "GetHash", "begin_line": 512, "end_line": 514, "self_time": 20, "self_total_time": 20}
{"file_path": "/home/fanxingyu/whq/softwares/rocksdb/table/block_based/block_builder.cc", "function_name": "Reset", "begin_line": 71, "end_line": 82, "self_time": 20, "self_total_time": 68}
{"file_path": "/home/fanxingyu/whq/softwares/rocksdb/table/block_based/block.cc", "function_name": "~Block", "begin_line": 866, "end_line": 870, "self_time": 21, "self_total_time": 950}
{"file_path": "/home/fanxingyu/whq/softwares/rocksdb/table/block_based/block_based_table_builder.cc", "function_name": "GetStatus", "begin_line": 378, "end_line": 385, "self_time": 17, "self_total_time": 17}
{"file_path": "/home/fanxingyu/whq/softwares/rocksdb/table/format.cc", "function_name": "UncompressBlockContents", "begin_line": 460, "end_line": 470, "self_time": 29, "self_total_time": 46870}
{"file_path": "/home/fanxingyu/whq/softwares/rocksdb/table/block_based/block_based_table_builder.cc", "function_name": "WriteRawBlock", "begin_line": 1055, "end_line": 1176, "self_time": 38, "self_total_time": 5732}
{"file_path": "/home/fanxingyu/whq/softwares/rocksdb/cache/lru_cache.cc", "function_name": "Lookup", "begin_line": 34, "end_line": 36, "self_time": 26, "self_total_time": 2120}
{"file_path": "/home/fanxingyu/whq/softwares/rocksdb/db/version_set.cc", "function_name": "IsFilterSkipped", "begin_line": 2071, "end_line": 2077, "self_time": 36, "self_total_time": 36}
{"file_path": "/home/fanxingyu/whq/softwares/rocksdb/db/file_indexer.cc", "function_name": "GetNextLevelIndex", "begin_line": 30, "end_line": 73, "self_time": 25, "self_total_time": 25}
{"file_path": "/home/fanxingyu/whq/softwares/rocksdb/cache/lru_cache.cc", "function_name": "Remove", "begin_line": 54, "end_line": 62, "self_time": 23, "self_total_time": 686}
{"file_path": "/home/fanxingyu/whq/softwares/rocksdb/util/comparator.cc", "function_name": "FindShortestSeparator", "begin_line": 33, "end_line": 82, "self_time": 23, "self_total_time": 37}
{"file_path": "/home/fanxingyu/whq/softwares/rocksdb/table/iterator.cc", "function_name": "DelegateCleanupsTo", "begin_line": 53, "end_line": 68, "self_time": 29, "self_total_time": 47}
{"file_path": "/home/fanxingyu/whq/softwares/rocksdb/table/block_based/block.cc", "function_name": "SeekToFirst", "begin_line": 445, "end_line": 451, "self_time": 24, "self_total_time": 145}
{"file_path": "/home/fanxingyu/whq/softwares/rocksdb/table/block_based/data_block_footer.cc", "function_name": "PackIndexTypeAndNumRestarts", "begin_line": 24, "end_line": 39, "self_time": 12, "self_total_time": 12}
{"file_path": "/home/fanxingyu/whq/softwares/rocksdb/util/thread_local.cc", "function_name": "CompareAndSwap", "begin_line": 427, "end_line": 437, "self_time": 23, "self_total_time": 286}
{"file_path": "/home/fanxingyu/whq/softwares/rocksdb/table/block_based/block_based_table_reader.cc", "function_name": "DeleteCachedEntry", "begin_line": 188, "end_line": 191, "self_time": 17, "self_total_time": 13458}
{"file_path": "/home/fanxingyu/whq/softwares/rocksdb/table/block_based/block_based_table_iterator.cc", "function_name": "CheckDataBlockWithinUpperBound", "begin_line": 369, "end_line": 378, "self_time": 16, "self_total_time": 16}
{"file_path": "/home/fanxingyu/whq/softwares/rocksdb/table/block_based/block_based_table_reader.cc", "function_name": "Create", "begin_line": 124, "end_line": 128, "self_time": 9, "self_total_time": 1865}
{"file_path": "/home/fanxingyu/whq/softwares/rocksdb/table/block_based/block_based_table_builder.cc", "function_name": "CompressBlock", "begin_line": 153, "end_line": 209, "self_time": 11, "self_total_time": 21073}
{"file_path": "/home/fanxingyu/whq/softwares/rocksdb/memtable/skiplistrep.cc", "function_name": "Get", "begin_line": 80, "end_line": 87, "self_time": 15, "self_total_time": 28465}
{"file_path": "/home/fanxingyu/whq/softwares/rocksdb/table/format.cc", "function_name": "EncodeTo", "begin_line": 50, "end_line": 55, "self_time": 15, "self_total_time": 61}
{"file_path": "/home/fanxingyu/whq/softwares/rocksdb/db/column_family.cc", "function_name": "GetComparator", "begin_line": 102, "end_line": 104, "self_time": 14, "self_total_time": 14}
{"file_path": "/home/fanxingyu/whq/softwares/rocksdb/table/block_based/block.cc", "function_name": "Next", "begin_line": 140, "end_line": 143, "self_time": 8, "self_total_time": 325}
{"file_path": "/home/fanxingyu/whq/softwares/rocksdb/db/write_batch.cc", "function_name": "get_post_process_info", "begin_line": 1953, "end_line": 1959, "self_time": 8, "self_total_time": 8}
{"file_path": "/home/fanxingyu/whq/softwares/rocksdb/db/dbformat.cc", "function_name": "UnPackSequenceAndType", "begin_line": 65, "end_line": 71, "self_time": 8, "self_total_time": 8}
{"file_path": "/home/fanxingyu/whq/softwares/rocksdb/db/dbformat.cc", "function_name": "LookupKey", "begin_line": 171, "end_line": 195, "self_time": 21, "self_total_time": 24}
{"file_path": "/home/fanxingyu/whq/softwares/rocksdb/db/db_impl/db_impl.cc", "function_name": "Get", "begin_line": 1515, "end_line": 1524, "self_time": 9, "self_total_time": 223925}
{"file_path": "/home/fanxingyu/whq/softwares/rocksdb/db/version_set.cc", "function_name": "FindFileInRange", "begin_line": 64, "end_line": 75, "self_time": 5, "self_total_time": 119}
{"file_path": "/home/fanxingyu/whq/softwares/rocksdb/table/get_context.cc", "function_name": "appendToReplayLog", "begin_line": 21, "end_line": 37, "self_time": 4, "self_total_time": 17}
{"file_path": "/home/fanxingyu/whq/softwares/rocksdb/monitoring/instrumented_mutex.cc", "function_name": "LockInternal", "begin_line": 32, "end_line": 37, "self_time": 4, "self_total_time": 4}
{"file_path": "/home/fanxingyu/whq/softwares/rocksdb/port/port_posix.cc", "function_name": "AssertHeld", "begin_line": 90, "end_line": 94, "self_time": 4, "self_total_time": 4}
{"file_path": "/home/fanxingyu/whq/softwares/rocksdb/table/block_based/block_based_table_builder.cc", "function_name": "CompressBlockInternal", "begin_line": 108, "end_line": 148, "self_time": 5, "self_total_time": 21006}
{"file_path": "/home/fanxingyu/whq/softwares/rocksdb/monitoring/thread_status_updater.cc", "function_name": "IncreaseThreadOperationProperty", "begin_line": 93, "end_line": 100, "self_time": 3, "self_total_time": 4}
{"file_path": "/home/fanxingyu/whq/softwares/rocksdb/table/block_based/block_based_table_reader.cc", "function_name": "UpdateCacheHitMetrics", "begin_line": 231, "end_line": 288, "self_time": 6, "self_total_time": 6}
{"file_path": "/home/fanxingyu/whq/softwares/rocksdb/logging/log_buffer.cc", "function_name": "AddLogToBuffer", "begin_line": 17, "end_line": 57, "self_time": 2, "self_total_time": 3}
{"file_path": "/home/fanxingyu/whq/softwares/rocksdb/options/options.cc", "function_name": "ReadOptions", "begin_line": 591, "end_line": 611, "self_time": 2, "self_total_time": 2}
{"file_path": "/home/fanxingyu/whq/softwares/rocksdb/monitoring/thread_status_util.cc", "function_name": "SetThreadOperation", "begin_line": 52, "end_line": 68, "self_time": 2, "self_total_time": 2}
{"file_path": "/home/fanxingyu/whq/softwares/rocksdb/table/block_based/index_reader_common.cc", "function_name": "ReadIndexBlock", "begin_line": 12, "end_line": 32, "self_time": 1, "self_total_time": 139}
{"file_path": "/home/fanxingyu/whq/softwares/rocksdb/table/block_based/block_based_table_reader.cc", "function_name": "Open", "begin_line": 603, "end_line": 723, "self_time": 1, "self_total_time": 167}
{"file_path": "/home/fanxingyu/whq/softwares/rocksdb/table/block_based/block_based_table_builder.cc", "function_name": "Finish", "begin_line": 254, "end_line": 263, "self_time": 2, "self_total_time": 4}
{"file_path": "/home/fanxingyu/whq/softwares/rocksdb/db/compaction/compaction_iterator.cc", "function_name": "ikeyNotNeededForIncrementalSnapshot", "begin_line": 734, "end_line": 737, "self_time": 1, "self_total_time": 107}
{"file_path": "/home/fanxingyu/whq/softwares/rocksdb/db/compaction/compaction_job.cc", "function_name": "FinishCompactionOutputFile", "begin_line": 1118, "end_line": 1411, "self_time": 1, "self_total_time": 417}
{"file_path": "/home/fanxingyu/whq/softwares/rocksdb/db/compaction/compaction_job.cc", "function_name": "RecordCompactionIOStats", "begin_line": 1452, "end_line": 1461, "self_time": 2, "self_total_time": 7}
{"file_path": "/home/fanxingyu/whq/softwares/rocksdb/db/compaction/compaction_job.cc", "function_name": "RecordDroppedKeys", "begin_line": 1081, "end_line": 1116, "self_time": 2, "self_total_time": 3}
{"file_path": "/home/fanxingyu/whq/softwares/rocksdb/db/db_impl/db_impl_write.cc", "function_name": "MaybeFlushStatsCF", "begin_line": 1505, "end_line": 1537, "self_time": 1, "self_total_time": 1}
{"file_path": "/home/fanxingyu/whq/softwares/rocksdb/db/flush_job.cc", "function_name": "FlushJob", "begin_line": 85, "end_line": 130, "self_time": 1, "self_total_time": 3}
{"file_path": "/home/fanxingyu/whq/softwares/rocksdb/db/db_impl/db_impl.cc", "function_name": "GetCompressionFlush", "begin_line": 111, "end_line": 130, "self_time": 1, "self_total_time": 1}
{"file_path": "/home/fanxingyu/whq/softwares/rocksdb/db/dbformat.cc", "function_name": "EnlargeBuffer", "begin_line": 197, "end_line": 205, "self_time": 1, "self_total_time": 1}
{"file_path": "/home/fanxingyu/whq/softwares/rocksdb/db/compaction/compaction_picker_level.cc", "function_name": "NeedsCompaction", "begin_line": 20, "end_line": 40, "self_time": 1, "self_total_time": 1}
{"file_path": "/home/fanxingyu/whq/softwares/rocksdb/logging/log_buffer.cc", "function_name": "LogBuffer", "begin_line": 13, "end_line": 15, "self_time": 1, "self_total_time": 1}
{"file_path": "/home/fanxingyu/whq/softwares/rocksdb/db/memtable_list.cc", "function_name": "Ref", "begin_line": 73, "end_line": 73, "self_time": 1, "self_total_time": 1}
{"file_path": "/home/fanxingyu/whq/softwares/rocksdb/table/meta_blocks.cc", "function_name": "Add", "begin_line": 49, "end_line": 52, "self_time": 1, "self_total_time": 3}
{"file_path": "/home/fanxingyu/whq/softwares/rocksdb/file/sst_file_manager_impl.cc", "function_name": "OnAddFile", "begin_line": 62, "end_line": 72, "self_time": 1, "self_total_time": 2}
{"file_path": "/home/fanxingyu/whq/softwares/rocksdb/db/column_family.cc", "function_name": "Unref", "begin_line": 421, "end_line": 426, "self_time": 1, "self_total_time": 1}
{"file_path": "/home/fanxingyu/whq/softwares/rocksdb/db/table_cache.cc", "function_name": "FindTable", "begin_line": 141, "end_line": 188, "self_time": 1, "self_total_time": 182}
{"file_path": "/home/fanxingyu/whq/softwares/rocksdb/db/table_cache.cc", "function_name": "GetTableReader", "begin_line": 94, "end_line": 132, "self_time": 1, "self_total_time": 179}
{"file_path": "/home/fanxingyu/whq/softwares/rocksdb/monitoring/thread_status_util.cc", "function_name": "IncreaseThreadOperationProperty", "begin_line": 91, "end_line": 100, "self_time": 2, "self_total_time": 2}
{"file_path": "/home/fanxingyu/whq/softwares/rocksdb/monitoring/thread_status_util.cc", "function_name": "SetThreadOperationStage", "begin_line": 70, "end_line": 79, "self_time": 1, "self_total_time": 1}
{"file_path": "/home/fanxingyu/whq/softwares/rocksdb/db/version_builder.cc", "function_name": "CheckConsistency", "begin_line": 204, "end_line": 323, "self_time": 1, "self_total_time": 1}
{"file_path": "/home/fanxingyu/whq/softwares/rocksdb/db/version_builder.cc", "function_name": "SaveBlobFilesTo", "begin_line": 542, "end_line": 605, "self_time": 1, "self_total_time": 1}
{"file_path": "/home/fanxingyu/whq/softwares/rocksdb/db/write_controller.cc", "function_name": "IsStopped", "begin_line": 37, "end_line": 39, "self_time": 1, "self_total_time": 548}
{"file_path": "/home/fanxingyu/whq/softwares/rocksdb/port/port_posix.cc", "function_name": "~CondVar", "begin_line": 101, "end_line": 101, "self_time": 1, "self_total_time": 1}
{"file_path": "/home/fanxingyu/whq/softwares/rocksdb/env/env_posix.cc", "function_name": "GetBackgroundThreads", "begin_line": 330, "end_line": 333, "self_time": 0, "self_total_time": 1}
{"file_path": "/home/fanxingyu/whq/softwares/rocksdb/memtable/skiplistrep.cc", "function_name": "InsertKey", "begin_line": 41, "end_line": 43, "self_time": 0, "self_total_time": 43}
{"file_path": "/home/fanxingyu/whq/softwares/rocksdb/memtable/skiplistrep.cc", "function_name": "Iterator", "begin_line": 107, "end_line": 109, "self_time": 0, "self_total_time": 4}
{"file_path": "/home/fanxingyu/whq/softwares/rocksdb/db/version_set.cc", "function_name": "KeyReachedUpperBound", "begin_line": 962, "end_line": 967, "self_time": 0, "self_total_time": 12}
{"file_path": "/home/fanxingyu/whq/softwares/rocksdb/file/filename.cc", "function_name": "MakeFileName", "begin_line": 67, "end_line": 70, "self_time": 0, "self_total_time": 2}
{"file_path": "/home/fanxingyu/whq/softwares/rocksdb/db/version_set.cc", "function_name": "MayBeOutOfUpperBound", "begin_line": 921, "end_line": 924, "self_time": 0, "self_total_time": 3}
{"file_path": "/home/fanxingyu/whq/softwares/rocksdb/memtable/skiplistrep.cc", "function_name": "Next", "begin_line": 122, "end_line": 122, "self_time": 0, "self_total_time": 409}
{"file_path": "/home/fanxingyu/whq/softwares/rocksdb/db/version_set.cc", "function_name": "NextImpl", "begin_line": 951, "end_line": 955, "self_time": 0, "self_total_time": 19347}
{"file_path": "/home/fanxingyu/whq/softwares/rocksdb/memtable/skiplistrep.cc", "function_name": "Seek", "begin_line": 129, "end_line": 135, "self_time": 0, "self_total_time": 55521}
{"file_path": "/home/fanxingyu/whq/softwares/rocksdb/db/version_set.cc", "function_name": "SeekToFirst", "begin_line": 1101, "end_line": 1108, "self_time": 0, "self_total_time": 1}
{"file_path": "/home/fanxingyu/whq/softwares/rocksdb/env/fs_posix.cc", "function_name": "SetFD_CLOEXEC", "begin_line": 139, "end_line": 143, "self_time": 0, "self_total_time": 4}
{"file_path": "/home/fanxingyu/whq/softwares/rocksdb/db/version_set.cc", "function_name": "SortFileByOverlappingRatio", "begin_line": 2695, "end_line": 2731, "self_time": 0, "self_total_time": 1}
{"file_path": "/home/fanxingyu/whq/softwares/rocksdb/db/version_set.cc", "function_name": "Valid", "begin_line": 897, "end_line": 897, "self_time": 0, "self_total_time": 23}
{"file_path": "/home/fanxingyu/whq/softwares/rocksdb/memtable/skiplistrep.cc", "function_name": "Valid", "begin_line": 114, "end_line": 114, "self_time": 0, "self_total_time": 150}
{"file_path": "/home/fanxingyu/whq/softwares/rocksdb/util/xxhash.cc", "function_name": "XXH_readLE64", "begin_line": 748, "end_line": 751, "self_time": 0, "self_total_time": 58}
{"file_path": "/home/fanxingyu/whq/softwares/rocksdb/db/version_set.cc", "function_name": "key", "begin_line": 898, "end_line": 901, "self_time": 0, "self_total_time": 81}
{"file_path": "/home/fanxingyu/whq/softwares/rocksdb/memtable/skiplistrep.cc", "function_name": "key", "begin_line": 118, "end_line": 118, "self_time": 0, "self_total_time": 143}
{"file_path": "/home/fanxingyu/whq/softwares/rocksdb/env/env_posix.cc", "function_name": "NowCPUNanos", "begin_line": 285, "end_line": 293, "self_time": 0, "self_total_time": 1}
{"file_path": "/home/fanxingyu/whq/softwares/rocksdb/env/fs_posix.cc", "function_name": "NewRandomAccessFile", "begin_line": 199, "end_line": 264, "self_time": 0, "self_total_time": 8}
{"file_path": "/home/fanxingyu/whq/softwares/rocksdb/env/fs_posix.cc", "function_name": "NewWritableFile", "begin_line": 358, "end_line": 362, "self_time": 0, "self_total_time": 36}
{"file_path": "/home/fanxingyu/whq/softwares/rocksdb/env/fs_posix.cc", "function_name": "OpenWritableFile", "begin_line": 266, "end_line": 356, "self_time": 0, "self_total_time": 36}
{"file_path": "/home/fanxingyu/whq/softwares/rocksdb/env/env_posix.cc", "function_name": "StartThreadWrapper", "begin_line": 452, "end_line": 457, "self_time": 0, "self_total_time": 642265}
{"file_path": "/home/fanxingyu/whq/softwares/rocksdb/env/fs_posix.cc", "function_name": "gettid", "begin_line": 85, "end_line": 87, "self_time": 0, "self_total_time": 1}
{"file_path": "/home/fanxingyu/whq/softwares/rocksdb/memory/arena.cc", "function_name": "AllocateFallback", "begin_line": 89, "end_line": 121, "self_time": 0, "self_total_time": 6}
{"file_path": "/home/fanxingyu/whq/softwares/rocksdb/memory/arena.cc", "function_name": "AllocateNewBlock", "begin_line": 201, "end_line": 231, "self_time": 0, "self_total_time": 5}
{"file_path": "/home/fanxingyu/whq/softwares/rocksdb/memory/arena.cc", "function_name": "~Arena", "begin_line": 67, "end_line": 87, "self_time": 0, "self_total_time": 61}
{"file_path": "/home/fanxingyu/whq/softwares/rocksdb/monitoring/thread_status_util.cc", "function_name": "~AutoThreadOperationStageUpdater", "begin_line": 161, "end_line": 163, "self_time": 0, "self_total_time": 1}
{"file_path": "/home/fanxingyu/whq/softwares/rocksdb/tools/db_bench_tool.cc", "function_name": "Benchmark", "begin_line": 2661, "end_line": 2746, "self_time": 0, "self_total_time": 2}
{"file_path": "/home/fanxingyu/whq/softwares/rocksdb/tools/db_bench_tool.cc", "function_name": "SelectDB", "begin_line": 4343, "end_line": 4345, "self_time": 0, "self_total_time": 1097}
{"file_path": "/home/fanxingyu/whq/softwares/rocksdb/tools/db_bench_tool.cc", "function_name": "SelectDBWithCfh", "begin_line": 4347, "end_line": 4349, "self_time": 0, "self_total_time": 1131}
{"file_path": "/home/fanxingyu/whq/softwares/rocksdb/tools/db_bench_tool.cc", "function_name": "ThreadBody", "begin_line": 3317, "end_line": 3345, "self_time": 0, "self_total_time": 642265}
{"file_path": "/home/fanxingyu/whq/softwares/rocksdb/tools/db_bench_tool.cc", "function_name": "~Benchmark", "begin_line": 2748, "end_line": 2755, "self_time": 0, "self_total_time": 1}
{"file_path": "/home/fanxingyu/whq/softwares/rocksdb/table/block_based/binary_search_index_reader.cc", "function_name": "Create", "begin_line": 12, "end_line": 40, "self_time": 0, "self_total_time": 138}
{"file_path": "/home/fanxingyu/whq/softwares/rocksdb/table/block_based/block_based_table_reader.cc", "function_name": "CreateIndexReader", "begin_line": 2936, "end_line": 3000, "self_time": 0, "self_total_time": 139}
{"file_path": "/home/fanxingyu/whq/softwares/rocksdb/table/block_based/block_based_table_reader.cc", "function_name": "GenerateCachePrefix", "begin_line": 471, "end_line": 482, "self_time": 0, "self_total_time": 4}
{"file_path": "/home/fanxingyu/whq/softwares/rocksdb/table/block_based/block_based_table_reader.cc", "function_name": "PrefetchIndexAndFilterBlocks", "begin_line": 942, "end_line": 1061, "self_time": 0, "self_total_time": 139}
{"file_path": "/home/fanxingyu/whq/softwares/rocksdb/table/block_based/block_based_table_reader.cc", "function_name": "ReadMetaIndexBlock", "begin_line": 1103, "end_line": 1133, "self_time": 0, "self_total_time": 2}
{"file_path": "/home/fanxingyu/whq/softwares/rocksdb/table/block_based/block_based_table_reader.cc", "function_name": "ReadPropertiesBlock", "begin_line": 807, "end_line": 904, "self_time": 0, "self_total_time": 20}
{"file_path": "/home/fanxingyu/whq/softwares/rocksdb/table/block_based/block_based_table_reader.cc", "function_name": "SetupCacheKeyPrefix", "begin_line": 451, "end_line": 469, "self_time": 0, "self_total_time": 4}
{"file_path": "/home/fanxingyu/whq/softwares/rocksdb/table/block_based/block_based_table_reader.cc", "function_name": "~BlockBasedTable", "begin_line": 80, "end_line": 82, "self_time": 0, "self_total_time": 6}
{"file_path": "/home/fanxingyu/whq/softwares/rocksdb/table/block_based/block_based_table_builder.cc", "function_name": "BlockBasedTableBuilder", "begin_line": 673, "end_line": 729, "self_time": 0, "self_total_time": 2}
{"file_path": "/home/fanxingyu/whq/softwares/rocksdb/table/block_based/block_based_table_builder.cc", "function_name": "FileSize", "begin_line": 1680, "end_line": 1680, "self_time": 0, "self_total_time": 28}
{"file_path": "/home/fanxingyu/whq/softwares/rocksdb/table/block_based/block_based_table_builder.cc", "function_name": "Finish", "begin_line": 1605, "end_line": 1656, "self_time": 0, "self_total_time": 176}
{"file_path": "/home/fanxingyu/whq/softwares/rocksdb/table/block_based/block_based_table_builder.cc", "function_name": "GetTableProperties", "begin_line": 1701, "end_line": 1710, "self_time": 0, "self_total_time": 1}
{"file_path": "/home/fanxingyu/whq/softwares/rocksdb/table/block_based/block_based_table_builder.cc", "function_name": "Rep", "begin_line": 424, "end_line": 519, "self_time": 0, "self_total_time": 2}
{"file_path": "/home/fanxingyu/whq/softwares/rocksdb/table/block_based/block_based_table_builder.cc", "function_name": "get_offset", "begin_line": 366, "end_line": 366, "self_time": 0, "self_total_time": 11}
{"file_path": "/home/fanxingyu/whq/softwares/rocksdb/table/block_based/block_based_table_builder.cc", "function_name": "set_offset", "begin_line": 367, "end_line": 367, "self_time": 0, "self_total_time": 2}
{"file_path": "/home/fanxingyu/whq/softwares/rocksdb/table/block_based/block_based_table_builder.cc", "function_name": "WriteIndexBlock", "begin_line": 1317, "end_line": 1363, "self_time": 0, "self_total_time": 167}
{"file_path": "/home/fanxingyu/whq/softwares/rocksdb/table/block_based/block_based_table_builder.cc", "function_name": "WritePropertiesBlock", "begin_line": 1365, "end_line": 1446, "self_time": 0, "self_total_time": 8}
{"file_path": "/home/fanxingyu/whq/softwares/rocksdb/table/block_based/block_based_table_builder.cc", "function_name": "~BlockBasedTableBuilder", "begin_line": 731, "end_line": 735, "self_time": 0, "self_total_time": 1}
{"file_path": "/home/fanxingyu/whq/softwares/rocksdb/table/block_based/block_based_table_factory.cc", "function_name": "NewTableBuilder", "begin_line": 398, "end_line": 416, "self_time": 0, "self_total_time": 2}
{"file_path": "/home/fanxingyu/whq/softwares/rocksdb/table/block_based/block_based_table_factory.cc", "function_name": "NewTableReader", "begin_line": 383, "end_line": 396, "self_time": 0, "self_total_time": 167}
{"file_path": "/home/fanxingyu/whq/softwares/rocksdb/table/block_based/block_based_table_iterator.cc", "function_name": "SeekImpl", "begin_line": 16, "end_line": 100, "self_time": 0, "self_total_time": 1}
{"file_path": "/home/fanxingyu/whq/softwares/rocksdb/table/block_fetcher.cc", "function_name": "CopyBufferToHeapBuf", "begin_line": 166, "end_line": 173, "self_time": 0, "self_total_time": 1}
{"file_path": "/home/fanxingyu/whq/softwares/rocksdb/table/block_fetcher.cc", "function_name": "GetBlockContents", "begin_line": 195, "end_line": 224, "self_time": 0, "self_total_time": 1}
{"file_path": "/home/fanxingyu/whq/softwares/rocksdb/table/block_fetcher.cc", "function_name": "TryGetCompressedBlockFromPersistentCache", "begin_line": 106, "end_line": 126, "self_time": 0, "self_total_time": 37}
{"file_path": "/home/fanxingyu/whq/softwares/rocksdb/table/block_fetcher.cc", "function_name": "TryGetUncompressBlockFromPersistentCache", "begin_line": 70, "end_line": 89, "self_time": 0, "self_total_time": 12}
{"file_path": "/home/fanxingyu/whq/softwares/rocksdb/options/options_helper.cc", "function_name": "BuildDBOptions", "begin_line": 31, "end_line": 150, "self_time": 0, "self_total_time": 4}
{"file_path": "/home/fanxingyu/whq/softwares/rocksdb/db/column_family.cc", "function_name": "ConstructNewMemtable", "begin_line": 1029, "end_line": 1033, "self_time": 0, "self_total_time": 3}
{"file_path": "/home/fanxingyu/whq/softwares/rocksdb/db/column_family.cc", "function_name": "InstallSuperVersion", "begin_line": 1226, "end_line": 1262, "self_time": 0, "self_total_time": 3}
{"file_path": "/home/fanxingyu/whq/softwares/rocksdb/db/column_family.cc", "function_name": "GetID", "begin_line": 84, "end_line": 84, "self_time": 0, "self_total_time": 16}
{"file_path": "/home/fanxingyu/whq/softwares/rocksdb/db/compaction/compaction_job.cc", "function_name": "Install", "begin_line": 713, "end_line": 812, "self_time": 0, "self_total_time": 3}
{"file_path": "/home/fanxingyu/whq/softwares/rocksdb/db/compaction/compaction_job.cc", "function_name": "InstallCompactionResults", "begin_line": 1413, "end_line": 1450, "self_time": 0, "self_total_time": 2}
{"file_path": "/home/fanxingyu/whq/softwares/rocksdb/db/compaction/compaction_job.cc", "function_name": "OpenCompactionOutputFile", "begin_line": 1463, "end_line": 1558, "self_time": 0, "self_total_time": 2}
{"file_path": "/home/fanxingyu/whq/softwares/rocksdb/db/compaction/compaction_job.cc", "function_name": "Run", "begin_line": 566, "end_line": 711, "self_time": 0, "self_total_time": 105235}
{"file_path": "/home/fanxingyu/whq/softwares/rocksdb/memory/concurrent_arena.cc", "function_name": "ConcurrentArena", "begin_line": 29, "end_line": 35, "self_time": 0, "self_total_time": 3}
{"file_path": "/home/fanxingyu/whq/softwares/rocksdb/db/db_impl/db_impl_compaction_flush.cc", "function_name": "BGWorkCompaction", "begin_line": 2150, "end_line": 2160, "self_time": 0, "self_total_time": 105271}
{"file_path": "/home/fanxingyu/whq/softwares/rocksdb/db/db_impl/db_impl_compaction_flush.cc", "function_name": "BackgroundCallCompaction", "begin_line": 2358, "end_line": 2472, "self_time": 0, "self_total_time": 105271}
{"file_path": "/home/fanxingyu/whq/softwares/rocksdb/db/db_impl/db_impl_compaction_flush.cc", "function_name": "BackgroundCallFlush", "begin_line": 2278, "end_line": 2356, "self_time": 0, "self_total_time": 45701}
{"file_path": "/home/fanxingyu/whq/softwares/rocksdb/db/db_impl/db_impl_compaction_flush.cc", "function_name": "BackgroundCompaction", "begin_line": 2474, "end_line": 2943, "self_time": 0, "self_total_time": 105200}
{"file_path": "/home/fanxingyu/whq/softwares/rocksdb/db/db_impl/db_impl_compaction_flush.cc", "function_name": "BackgroundFlush", "begin_line": 2198, "end_line": 2276, "self_time": 0, "self_total_time": 43214}
{"file_path": "/home/fanxingyu/whq/softwares/rocksdb/db/db_impl/db_impl.cc", "function_name": "CleanupSuperVersion", "begin_line": 3125, "end_line": 3144, "self_time": 0, "self_total_time": 66}
{"file_path": "/home/fanxingyu/whq/softwares/rocksdb/db/db_impl/db_impl.cc", "function_name": "CloseHelper", "begin_line": 443, "end_line": 605, "self_time": 0, "self_total_time": 1}
{"file_path": "/home/fanxingyu/whq/softwares/rocksdb/db/db_impl/db_impl_open.cc", "function_name": "CreateWAL", "begin_line": 1329, "end_line": 1368, "self_time": 0, "self_total_time": 21}
{"file_path": "/home/fanxingyu/whq/softwares/rocksdb/db/db_impl/db_impl_files.cc", "function_name": "DeleteObsoleteFileImpl", "begin_line": 257, "end_line": 293, "self_time": 0, "self_total_time": 2542}
{"file_path": "/home/fanxingyu/whq/softwares/rocksdb/db/db_impl/db_impl_compaction_flush.cc", "function_name": "FlushMemTableToOutputFile", "begin_line": 137, "end_line": 244, "self_time": 0, "self_total_time": 43210}
{"file_path": "/home/fanxingyu/whq/softwares/rocksdb/db/db_impl/db_impl_compaction_flush.cc", "function_name": "FlushMemTablesToOutputFiles", "begin_line": 246, "end_line": 277, "self_time": 0, "self_total_time": 43213}
{"file_path": "/home/fanxingyu/whq/softwares/rocksdb/db/db_impl/db_impl_compaction_flush.cc", "function_name": "GenerateFlushRequest", "begin_line": 1565, "end_line": 1577, "self_time": 0, "self_total_time": 1}
{"file_path": "/home/fanxingyu/whq/softwares/rocksdb/db/db_impl/db_impl_compaction_flush.cc", "function_name": "InstallSuperVersionAndScheduleWork", "begin_line": 3097, "end_line": 3136, "self_time": 0, "self_total_time": 5}
{"file_path": "/home/fanxingyu/whq/softwares/rocksdb/db/db_impl/db_impl_compaction_flush.cc", "function_name": "MaybeScheduleFlushOrCompaction", "begin_line": 1949, "end_line": 2029, "self_time": 0, "self_total_time": 2}
{"file_path": "/home/fanxingyu/whq/softwares/rocksdb/db/db_impl/db_impl_files.cc", "function_name": "PurgeObsoleteFiles", "begin_line": 299, "end_line": 563, "self_time": 0, "self_total_time": 2553}
{"file_path": "/home/fanxingyu/whq/softwares/rocksdb/db/db_impl/db_impl_write.cc", "function_name": "ScheduleFlushes", "begin_line": 1565, "end_line": 1612, "self_time": 0, "self_total_time": 31}
{"file_path": "/home/fanxingyu/whq/softwares/rocksdb/db/db_impl/db_impl_write.cc", "function_name": "SwitchMemtable", "begin_line": 1634, "end_line": 1781, "self_time": 0, "self_total_time": 27}
{"file_path": "/home/fanxingyu/whq/softwares/rocksdb/db/db_impl/db_impl.cc", "function_name": "~DBImpl", "begin_line": 609, "end_line": 614, "self_time": 0, "self_total_time": 2}
{"file_path": "/home/fanxingyu/whq/softwares/rocksdb/tools/db_bench_tool.cc", "function_name": "DeleteDBs", "begin_line": 1672, "end_line": 1688, "self_time": 0, "self_total_time": 2}
{"file_path": "/home/fanxingyu/whq/softwares/rocksdb/file/file_util.cc", "function_name": "DeleteDBFile", "begin_line": 92, "end_line": 111, "self_time": 0, "self_total_time": 2538}
{"file_path": "/home/fanxingyu/whq/softwares/rocksdb/file/delete_scheduler.cc", "function_name": "DeleteFile", "begin_line": 55, "end_line": 101, "self_time": 0, "self_total_time": 2538}
{"file_path": "/home/fanxingyu/whq/softwares/rocksdb/db/db_impl/db_impl.cc", "function_name": "DestroyDB", "begin_line": 3650, "end_line": 3768, "self_time": 0, "self_total_time": 2}
{"file_path": "/home/fanxingyu/whq/softwares/rocksdb/db/event_helpers.cc", "function_name": "AppendCurrentTime", "begin_line": 17, "end_line": 22, "self_time": 0, "self_total_time": 6}
{"file_path": "/home/fanxingyu/whq/softwares/rocksdb/db/event_helpers.cc", "function_name": "LogAndNotifyTableFileCreationFinished", "begin_line": 68, "end_line": 165, "self_time": 0, "self_total_time": 16}
{"file_path": "/home/fanxingyu/whq/softwares/rocksdb/db/event_helpers.cc", "function_name": "LogAndNotifyTableFileDeletion", "begin_line": 167, "end_line": 200, "self_time": 0, "self_total_time": 5}
{"file_path": "/home/fanxingyu/whq/softwares/rocksdb/logging/event_logger.cc", "function_name": "Log", "begin_line": 52, "end_line": 58, "self_time": 0, "self_total_time": 6}
{"file_path": "/home/fanxingyu/whq/softwares/rocksdb/logging/event_logger.cc", "function_name": "LogToBuffer", "begin_line": 60, "end_line": 69, "self_time": 0, "self_total_time": 1}
{"file_path": "/home/fanxingyu/whq/softwares/rocksdb/logging/event_logger.cc", "function_name": "~EventLoggerStream", "begin_line": 31, "end_line": 46, "self_time": 0, "self_total_time": 3}
{"file_path": "/home/fanxingyu/whq/softwares/rocksdb/db/file_indexer.cc", "function_name": "FileIndexer", "begin_line": 18, "end_line": 19, "self_time": 0, "self_total_time": 1}
{"file_path": "/home/fanxingyu/whq/softwares/rocksdb/db/flush_job.cc", "function_name": "GetFlushJobInfo", "begin_line": 453, "end_line": 471, "self_time": 0, "self_total_time": 1}
{"file_path": "/home/fanxingyu/whq/softwares/rocksdb/db/flush_job.cc", "function_name": "PickMemTable", "begin_line": 163, "end_line": 191, "self_time": 0, "self_total_time": 2}
{"file_path": "/home/fanxingyu/whq/softwares/rocksdb/db/flush_job.cc", "function_name": "ReportFlushInputSize", "begin_line": 146, "end_line": 154, "self_time": 0, "self_total_time": 1}
{"file_path": "/home/fanxingyu/whq/softwares/rocksdb/db/flush_job.cc", "function_name": "Run", "begin_line": 193, "end_line": 288, "self_time": 0, "self_total_time": 43201}
{"file_path": "/home/fanxingyu/whq/softwares/rocksdb/db/flush_job.cc", "function_name": "WriteLevel0Table", "begin_line": 296, "end_line": 450, "self_time": 0, "self_total_time": 43167}
{"file_path": "/home/fanxingyu/whq/softwares/rocksdb/db/flush_scheduler.cc", "function_name": "Empty", "begin_line": 67, "end_line": 76, "self_time": 0, "self_total_time": 192}
{"file_path": "/home/fanxingyu/whq/softwares/rocksdb/cache/lru_cache.cc", "function_name": "Erase", "begin_line": 419, "end_line": 444, "self_time": 0, "self_total_time": 3}
{"file_path": "/home/fanxingyu/whq/softwares/rocksdb/env/env.cc", "function_name": "Log", "begin_line": 182, "end_line": 187, "self_time": 0, "self_total_time": 6}
{"file_path": "/home/fanxingyu/whq/softwares/rocksdb/env/env.cc", "function_name": "Log", "begin_line": 223, "end_line": 229, "self_time": 0, "self_total_time": 3}
{"file_path": "/home/fanxingyu/whq/softwares/rocksdb/env/env.cc", "function_name": "Log", "begin_line": 313, "end_line": 319, "self_time": 0, "self_total_time": 1}
{"file_path": "/home/fanxingyu/whq/softwares/rocksdb/logging/log_buffer.cc", "function_name": "FlushBufferToLog", "begin_line": 59, "end_line": 71, "self_time": 0, "self_total_time": 4}
{"file_path": "/home/fanxingyu/whq/softwares/rocksdb/logging/log_buffer.cc", "function_name": "LogToBuffer", "begin_line": 73, "end_line": 81, "self_time": 0, "self_total_time": 1}
{"file_path": "/home/fanxingyu/whq/softwares/rocksdb/logging/log_buffer.cc", "function_name": "LogToBuffer", "begin_line": 83, "end_line": 90, "self_time": 0, "self_total_time": 2}
{"file_path": "/home/fanxingyu/whq/softwares/rocksdb/env/env.cc", "function_name": "Logv", "begin_line": 189, "end_line": 211, "self_time": 0, "self_total_time": 10}
{"file_path": "/home/fanxingyu/whq/softwares/rocksdb/file/filename.cc", "function_name": "MakeFileName", "begin_line": 60, "end_line": 65, "self_time": 0, "self_total_time": 2}
{"file_path": "/home/fanxingyu/whq/softwares/rocksdb/file/filename.cc", "function_name": "MakeTableFileName", "begin_line": 102, "end_line": 104, "self_time": 0, "self_total_time": 3}
{"file_path": "/home/fanxingyu/whq/softwares/rocksdb/db/memtable.cc", "function_name": "ApproximateMemoryUsage", "begin_line": 129, "end_line": 146, "self_time": 0, "self_total_time": 3}
{"file_path": "/home/fanxingyu/whq/softwares/rocksdb/db/memtable.cc", "function_name": "MemTable", "begin_line": 63, "end_line": 122, "self_time": 0, "self_total_time": 3}
{"file_path": "/home/fanxingyu/whq/softwares/rocksdb/db/memtable.cc", "function_name": "~MemTable", "begin_line": 124, "end_line": 127, "self_time": 0, "self_total_time": 61}
{"file_path": "/home/fanxingyu/whq/softwares/rocksdb/db/memtable_list.cc", "function_name": "Add", "begin_line": 537, "end_line": 553, "self_time": 0, "self_total_time": 1}
{"file_path": "/home/fanxingyu/whq/softwares/rocksdb/db/memtable_list.cc", "function_name": "TryInstallMemtableFlushResults", "begin_line": 387, "end_line": 534, "self_time": 0, "self_total_time": 26}
{"file_path": "/home/fanxingyu/whq/softwares/rocksdb/db/memtable_list.cc", "function_name": "UpdateCachedValuesFromMemTableListVersion", "begin_line": 584, "end_line": 592, "self_time": 0, "self_total_time": 1}
{"file_path": "/home/fanxingyu/whq/softwares/rocksdb/db/memtable_list.cc", "function_name": "ApproximateMemoryUsageExcludingLast", "begin_line": 284, "end_line": 296, "self_time": 0, "self_total_time": 1}
{"file_path": "/home/fanxingyu/whq/softwares/rocksdb/db/memtable_list.cc", "function_name": "Unref", "begin_line": 76, "end_line": 91, "self_time": 0, "self_total_time": 2}
{"file_path": "/home/fanxingyu/whq/softwares/rocksdb/db/memtable_list.cc", "function_name": "UnrefMemTable", "begin_line": 36, "end_line": 43, "self_time": 0, "self_total_time": 1}
{"file_path": "/home/fanxingyu/whq/softwares/rocksdb/table/merging_iterator.cc", "function_name": "SeekToFirst", "begin_line": 88, "end_line": 97, "self_time": 0, "self_total_time": 1}
{"file_path": "/home/fanxingyu/whq/softwares/rocksdb/table/merging_iterator.cc", "function_name": "value", "begin_line": 239, "end_line": 242, "self_time": 0, "self_total_time": 1110}
{"file_path": "/home/fanxingyu/whq/softwares/rocksdb/db/builder.cc", "function_name": "NewTableBuilder", "begin_line": 44, "end_line": 66, "self_time": 0, "self_total_time": 3}
{"file_path": "/home/fanxingyu/whq/softwares/rocksdb/file/read_write_util.cc", "function_name": "NewWritableFile", "begin_line": 17, "end_line": 23, "self_time": 0, "self_total_time": 36}
{"file_path": "/home/fanxingyu/whq/softwares/rocksdb/table/meta_blocks.cc", "function_name": "NotifyCollectTableCollectorsOnFinish", "begin_line": 174, "end_line": 192, "self_time": 0, "self_total_time": 3}
{"file_path": "/home/fanxingyu/whq/softwares/rocksdb/env/io_posix.cc", "function_name": "Fsync", "begin_line": 1478, "end_line": 1486, "self_time": 0, "self_total_time": 1}
{"file_path": "/home/fanxingyu/whq/softwares/rocksdb/env/io_posix.cc", "function_name": "~PosixRandomAccessFile", "begin_line": 564, "end_line": 564, "self_time": 0, "self_total_time": 1}
{"file_path": "/home/fanxingyu/whq/softwares/rocksdb/env/io_posix.cc", "function_name": "Allocate", "begin_line": 1320, "end_line": 1340, "self_time": 0, "self_total_time": 5}
{"file_path": "/home/fanxingyu/whq/softwares/rocksdb/env/io_posix.cc", "function_name": "Close", "begin_line": 1199, "end_line": 1252, "self_time": 0, "self_total_time": 7}
{"file_path": "/home/fanxingyu/whq/softwares/rocksdb/env/io_posix.cc", "function_name": "PosixWritableFile", "begin_line": 1125, "end_line": 1142, "self_time": 0, "self_total_time": 2}
{"file_path": "/home/fanxingyu/whq/softwares/rocksdb/env/io_posix.cc", "function_name": "Sync", "begin_line": 1260, "end_line": 1266, "self_time": 0, "self_total_time": 1004}
{"file_path": "/home/fanxingyu/whq/softwares/rocksdb/table/meta_blocks.cc", "function_name": "Add", "begin_line": 54, "end_line": 61, "self_time": 0, "self_total_time": 2}
{"file_path": "/home/fanxingyu/whq/softwares/rocksdb/table/meta_blocks.cc", "function_name": "AddTableProperty", "begin_line": 70, "end_line": 128, "self_time": 0, "self_total_time": 4}
{"file_path": "/home/fanxingyu/whq/softwares/rocksdb/tools/db_bench_tool.cc", "function_name": "Generate", "begin_line": 1621, "end_line": 1624, "self_time": 0, "self_total_time": 1135}
{"file_path": "/home/fanxingyu/whq/softwares/rocksdb/tools/db_bench_tool.cc", "function_name": "RandomGenerator", "begin_line": 1582, "end_line": 1610, "self_time": 0, "self_total_time": 1}
{"file_path": "/home/fanxingyu/whq/softwares/rocksdb/table/format.cc", "function_name": "ReadFooterFromFile", "begin_line": 284, "end_line": 338, "self_time": 0, "self_total_time": 1}
{"file_path": "/home/fanxingyu/whq/softwares/rocksdb/table/meta_blocks.cc", "function_name": "ReadProperties", "begin_line": 194, "end_line": 354, "self_time": 0, "self_total_time": 18}
{"file_path": "/home/fanxingyu/whq/softwares/rocksdb/table/table_properties.cc", "function_name": "SeekToPropertiesBlock", "begin_line": 252, "end_line": 258, "self_time": 0, "self_total_time": 1}
{"file_path": "/home/fanxingyu/whq/softwares/rocksdb/util/slice.cc", "function_name": "ToString", "begin_line": 157, "end_line": 171, "self_time": 0, "self_total_time": 1}
{"file_path": "/home/fanxingyu/whq/softwares/rocksdb/file/sst_file_manager_impl.cc", "function_name": "ScheduleFileDeletion", "begin_line": 427, "end_line": 434, "self_time": 0, "self_total_time": 2538}
{"file_path": "/home/fanxingyu/whq/softwares/rocksdb/util/status.cc", "function_name": "ToString", "begin_line": 77, "end_line": 142, "self_time": 0, "self_total_time": 1}
{"file_path": "/home/fanxingyu/whq/softwares/rocksdb/db/column_family.cc", "function_name": "Cleanup", "begin_line": 428, "end_line": 442, "self_time": 0, "self_total_time": 2}
{"file_path": "/home/fanxingyu/whq/softwares/rocksdb/db/column_family.cc", "function_name": "~SuperVersion", "begin_line": 410, "end_line": 414, "self_time": 0, "self_total_time": 61}
{"file_path": "/home/fanxingyu/whq/softwares/rocksdb/file/filename.cc", "function_name": "SyncManifest", "begin_line": 417, "end_line": 422, "self_time": 0, "self_total_time": 9}
{"file_path": "/home/fanxingyu/whq/softwares/rocksdb/db/table_cache.cc", "function_name": "Evict", "begin_line": 621, "end_line": 623, "self_time": 0, "self_total_time": 3}
{"file_path": "/home/fanxingyu/whq/softwares/rocksdb/db/table_cache.cc", "function_name": "NewIterator", "begin_line": 190, "end_line": 272, "self_time": 0, "self_total_time": 183}
{"file_path": "/home/fanxingyu/whq/softwares/rocksdb/file/filename.cc", "function_name": "TableFileName", "begin_line": 130, "end_line": 140, "self_time": 0, "self_total_time": 3}
{"file_path": "/home/fanxingyu/whq/softwares/rocksdb/util/threadpool_imp.cc", "function_name": "BGThread", "begin_line": 187, "end_line": 268, "self_time": 0, "self_total_time": 150974}
{"file_path": "/home/fanxingyu/whq/softwares/rocksdb/util/threadpool_imp.cc", "function_name": "BGThreadWrapper", "begin_line": 278, "end_line": 312, "self_time": 0, "self_total_time": 150975}
{"file_path": "/home/fanxingyu/whq/softwares/rocksdb/util/threadpool_imp.cc", "function_name": "Submit", "begin_line": 358, "end_line": 388, "self_time": 0, "self_total_time": 2}
{"file_path": "/home/fanxingyu/whq/softwares/rocksdb/util/threadpool_imp.cc", "function_name": "Schedule", "begin_line": 473, "end_line": 481, "self_time": 0, "self_total_time": 2}
{"file_path": "/home/fanxingyu/whq/softwares/rocksdb/db/trim_history_scheduler.cc", "function_name": "Empty", "begin_line": 41, "end_line": 44, "self_time": 0, "self_total_time": 3}
{"file_path": "/home/fanxingyu/whq/softwares/rocksdb/db/version_set.cc", "function_name": "MaybeInitializeFileMetaData", "begin_line": 2103, "end_line": 2125, "self_time": 0, "self_total_time": 1}
{"file_path": "/home/fanxingyu/whq/softwares/rocksdb/db/version_set.cc", "function_name": "PrepareApply", "begin_line": 2087, "end_line": 2101, "self_time": 0, "self_total_time": 2}
{"file_path": "/home/fanxingyu/whq/softwares/rocksdb/db/version_set.cc", "function_name": "Unref", "begin_line": 2882, "end_line": 2890, "self_time": 0, "self_total_time": 2}
{"file_path": "/home/fanxingyu/whq/softwares/rocksdb/db/version_set.cc", "function_name": "UpdateAccumulatedStats", "begin_line": 2154, "end_line": 2207, "self_time": 0, "self_total_time": 1}
{"file_path": "/home/fanxingyu/whq/softwares/rocksdb/db/version_set.cc", "function_name": "Version", "begin_line": 1718, "end_line": 1746, "self_time": 0, "self_total_time": 1}
{"file_path": "/home/fanxingyu/whq/softwares/rocksdb/db/version_builder.cc", "function_name": "Apply", "begin_line": 789, "end_line": 789, "self_time": 0, "self_total_time": 1}
{"file_path": "/home/fanxingyu/whq/softwares/rocksdb/db/version_builder.cc", "function_name": "SaveTo", "begin_line": 608, "end_line": 665, "self_time": 0, "self_total_time": 2}
{"file_path": "/home/fanxingyu/whq/softwares/rocksdb/db/version_builder.cc", "function_name": "SaveTo", "begin_line": 791, "end_line": 793, "self_time": 0, "self_total_time": 2}
{"file_path": "/home/fanxingyu/whq/softwares/rocksdb/db/version_set.cc", "function_name": "LogAndApply", "begin_line": 4089, "end_line": 4165, "self_time": 0, "self_total_time": 26}
{"file_path": "/home/fanxingyu/whq/softwares/rocksdb/db/version_set.cc", "function_name": "LogAndApplyHelper", "begin_line": 4184, "end_line": 4213, "self_time": 0, "self_total_time": 1}
{"file_path": "/home/fanxingyu/whq/softwares/rocksdb/db/version_set.cc", "function_name": "ProcessManifestWrites", "begin_line": 3656, "end_line": 4085, "self_time": 0, "self_total_time": 25}
{"file_path": "/home/fanxingyu/whq/softwares/rocksdb/db/version_set.cc", "function_name": "LevelSummary", "begin_line": 3130, "end_line": 3164, "self_time": 0, "self_total_time": 1}
{"file_path": "/home/fanxingyu/whq/softwares/rocksdb/db/version_set.cc", "function_name": "UpdateFilesByCompactionPri", "begin_line": 2734, "end_line": 2795, "self_time": 0, "self_total_time": 1}
{"file_path": "/home/fanxingyu/whq/softwares/rocksdb/db/version_set.cc", "function_name": "~VersionStorageInfo", "begin_line": 735, "end_line": 735, "self_time": 0, "self_total_time": 1}
{"file_path": "/home/fanxingyu/whq/softwares/rocksdb/file/writable_file_writer.cc", "function_name": "Close", "begin_line": 122, "end_line": 164, "self_time": 0, "self_total_time": 14}
{"file_path": "/home/fanxingyu/whq/softwares/rocksdb/file/writable_file_writer.cc", "function_name": "Sync", "begin_line": 240, "end_line": 255, "self_time": 0, "self_total_time": 1086}
{"file_path": "/home/fanxingyu/whq/softwares/rocksdb/file/writable_file_writer.cc", "function_name": "SyncInternal", "begin_line": 269, "end_line": 282, "self_time": 0, "self_total_time": 1005}
{"file_path": "/home/fanxingyu/whq/softwares/rocksdb/db/write_batch.cc", "function_name": "SetCount", "begin_line": 739, "end_line": 741, "self_time": 0, "self_total_time": 917}
{"file_path": "/home/fanxingyu/whq/softwares/rocksdb/db/write_batch.cc", "function_name": "SetSequence", "begin_line": 747, "end_line": 749, "self_time": 0, "self_total_time": 382}
{"file_path": "/home/fanxingyu/whq/softwares/rocksdb/tools/db_bench_tool.cc", "function_name": "db_bench_tool", "begin_line": 6972, "end_line": 7107, "self_time": 0, "self_total_time": 3}
{"file_path": "/home/fanxingyu/whq/softwares/rocksdb/db/log_writer.cc", "function_name": "Close", "begin_line": 42, "end_line": 49, "self_time": 0, "self_total_time": 5}
{"file_path": "/home/fanxingyu/whq/softwares/rocksdb/test_util/testutil.cc", "function_name": "CompressibleString", "begin_line": 77, "end_line": 91, "self_time": 0, "self_total_time": 1}
{"file_path": "/home/fanxingyu/whq/softwares/rocksdb/test_util/testutil.cc", "function_name": "RandomString", "begin_line": 33, "end_line": 39, "self_time": 0, "self_total_time": 1}
{"file_path": "/home/fanxingyu/whq/softwares/rocksdb/db/version_set.cc", "function_name": "value", "begin_line": 903, "end_line": 906, "self_time": 0, "self_total_time": 316}
{"file_path": "/home/fanxingyu/whq/softwares/rocksdb/memtable/skiplistrep.cc", "function_name": "~Iterator", "begin_line": 111, "end_line": 111, "self_time": 0, "self_total_time": 8}
