{"file_path": "/home/fanxingyu/whq/softwares/rocksdb/util/comparator.cc", "function_name": "Compare", "begin_line": 33, "end_line": 35, "self_time": 6106, "self_total_time": 7811}
{"file_path": "/home/fanxingyu/whq/softwares/rocksdb/util/coding.cc", "function_name": "GetVarint32PtrFallback", "begin_line": 54, "end_line": 70, "self_time": 1541, "self_total_time": 1541}
{"file_path": "/home/fanxingyu/whq/softwares/rocksdb/monitoring/instrumented_mutex.cc", "function_name": "stats_for_report", "begin_line": 16, "end_line": 23, "self_time": 893, "self_total_time": 893}
{"file_path": "/home/fanxingyu/whq/softwares/rocksdb/db/write_batch.cc", "function_name": "SeekToColumnFamily", "begin_line": 1494, "end_line": 1532, "self_time": 2017, "self_total_time": 2744}
{"file_path": "/home/fanxingyu/whq/softwares/rocksdb/db/memtable.cc", "function_name": "SaveValue", "begin_line": 699, "end_line": 860, "self_time": 1999, "self_total_time": 28670}
{"file_path": "/home/fanxingyu/whq/softwares/rocksdb/db/write_batch.cc", "function_name": "PutCFImpl", "begin_line": 1534, "end_line": 1677, "self_time": 1444, "self_total_time": 65552}
{"file_path": "/home/fanxingyu/whq/softwares/rocksdb/util/coding.cc", "function_name": "EncodeVarint32", "begin_line": 23, "end_line": 49, "self_time": 849, "self_total_time": 849}
{"file_path": "/home/fanxingyu/whq/softwares/rocksdb/db/column_family.cc", "function_name": "GetColumnFamilyID", "begin_line": 1618, "end_line": 1625, "self_time": 1276, "self_total_time": 1433}
{"file_path": "/home/fanxingyu/whq/softwares/rocksdb/db/write_batch.cc", "function_name": "MemTableInserter", "begin_line": 1398, "end_line": 1436, "self_time": 496, "self_total_time": 496}
{"file_path": "/home/fanxingyu/whq/softwares/rocksdb/db/write_batch.cc", "function_name": "PutCF", "begin_line": 1679, "end_line": 1691, "self_time": 403, "self_total_time": 69134}
{"file_path": "/home/fanxingyu/whq/softwares/rocksdb/db/write_batch.cc", "function_name": "ReadRecordFromWriteBatch", "begin_line": 437, "end_line": 535, "self_time": 477, "self_total_time": 1288}
{"file_path": "/home/fanxingyu/whq/softwares/rocksdb/memtable/skiplistrep.cc", "function_name": "Get", "begin_line": 84, "end_line": 91, "self_time": 391, "self_total_time": 156948}
{"file_path": "/home/fanxingyu/whq/softwares/rocksdb/util/crc32c.cc", "function_name": "Crc32cCombine", "begin_line": 1428, "end_line": 1443, "self_time": 333, "self_total_time": 6453}
{"file_path": "/home/fanxingyu/whq/softwares/rocksdb/table/merging_iterator.cc", "function_name": "Next", "begin_line": 153, "end_line": 184, "self_time": 355, "self_total_time": 20562}
{"file_path": "/home/fanxingyu/whq/softwares/rocksdb/monitoring/perf_level.cc", "function_name": "SetPerfLevel", "begin_line": 18, "end_line": 22, "self_time": 327, "self_total_time": 327}
{"file_path": "/home/fanxingyu/whq/softwares/rocksdb/monitoring/perf_level.cc", "function_name": "GetPerfLevel", "begin_line": 24, "end_line": 26, "self_time": 314, "self_total_time": 314}
{"file_path": "/home/fanxingyu/whq/softwares/rocksdb/util/crc32c.cc", "function_name": "Crc32AppendZeroes", "begin_line": 1353, "end_line": 1374, "self_time": 364, "self_total_time": 6050}
{"file_path": "/home/fanxingyu/whq/softwares/rocksdb/memtable/skiplistrep.cc", "function_name": "ApproximateMemoryUsage", "begin_line": 79, "end_line": 82, "self_time": 190, "self_total_time": 190}
{"file_path": "/home/fanxingyu/whq/softwares/rocksdb/util/comparator.cc", "function_name": "Equal", "begin_line": 37, "end_line": 37, "self_time": 171, "self_total_time": 349}
{"file_path": "/home/fanxingyu/whq/softwares/rocksdb/db/memtable.cc", "function_name": "value", "begin_line": 409, "end_line": 413, "self_time": 200, "self_total_time": 457}
{"file_path": "/home/fanxingyu/whq/softwares/rocksdb/table/meta_blocks.cc", "function_name": "NotifyCollectTableCollectorsOnAdd", "begin_line": 168, "end_line": 182, "self_time": 230, "self_total_time": 250}
{"file_path": "/home/fanxingyu/whq/softwares/rocksdb/db/memtable.cc", "function_name": "NextAndGetResult", "begin_line": 389, "end_line": 398, "self_time": 184, "self_total_time": 12069}
{"file_path": "/home/fanxingyu/whq/softwares/rocksdb/util/crc32c.cc", "function_name": "Extend", "begin_line": 1282, "end_line": 1284, "self_time": 94, "self_total_time": 94}
{"file_path": "/home/fanxingyu/whq/softwares/rocksdb/db/version_set.cc", "function_name": "NextAndGetResult", "begin_line": 1157, "end_line": 1173, "self_time": 89, "self_total_time": 9513}
{"file_path": "/home/fanxingyu/whq/softwares/rocksdb/table/merging_iterator.cc", "function_name": "Valid", "begin_line": 78, "end_line": 78, "self_time": 85, "self_total_time": 85}
{"file_path": "/home/fanxingyu/whq/softwares/rocksdb/db/write_batch.cc", "function_name": "CheckMemtableFull", "begin_line": 2072, "end_line": 2110, "self_time": 112, "self_total_time": 160}
{"file_path": "/home/fanxingyu/whq/softwares/rocksdb/util/hash.cc", "function_name": "Hash", "begin_line": 25, "end_line": 65, "self_time": 146, "self_total_time": 146}
{"file_path": "/home/fanxingyu/whq/softwares/rocksdb/table/block_based/reader_common.cc", "function_name": "ForceReleaseCachedEntry", "begin_line": 19, "end_line": 23, "self_time": 53, "self_total_time": 53}
{"file_path": "/home/fanxingyu/whq/softwares/rocksdb/memtable/skiplistrep.cc", "function_name": "Allocate", "begin_line": 34, "end_line": 37, "self_time": 75, "self_total_time": 3415}
{"file_path": "/home/fanxingyu/whq/softwares/rocksdb/table/block_based/flush_block_policy.cc", "function_name": "Update", "begin_line": 38, "end_line": 52, "self_time": 94, "self_total_time": 151}
{"file_path": "/home/fanxingyu/whq/softwares/rocksdb/table/block_based/filter_policy.cc", "function_name": "AddKey", "begin_line": 821, "end_line": 826, "self_time": 107, "self_total_time": 281}
{"file_path": "/home/fanxingyu/whq/softwares/rocksdb/db/write_batch.cc", "function_name": "PostProcess", "begin_line": 1483, "end_line": 1492, "self_time": 55, "self_total_time": 16627}
{"file_path": "/home/fanxingyu/whq/softwares/rocksdb/table/merging_iterator.cc", "function_name": "key", "begin_line": 228, "end_line": 231, "self_time": 52, "self_total_time": 52}
{"file_path": "/home/fanxingyu/whq/softwares/rocksdb/db/write_batch.cc", "function_name": "~MemTableInserter", "begin_line": 1438, "end_line": 1454, "self_time": 78, "self_total_time": 606}
{"file_path": "/home/fanxingyu/whq/softwares/rocksdb/db/memtable.cc", "function_name": "key", "begin_line": 405, "end_line": 408, "self_time": 29, "self_total_time": 5674}
{"file_path": "/home/fanxingyu/whq/softwares/rocksdb/table/block_based/reader_common.cc", "function_name": "VerifyBlockChecksum", "begin_line": 25, "end_line": 63, "self_time": 38, "self_total_time": 89}
{"file_path": "/home/fanxingyu/whq/softwares/rocksdb/db/write_batch.cc", "function_name": "set_log_number_ref", "begin_line": 1475, "end_line": 1475, "self_time": 22, "self_total_time": 22}
{"file_path": "/home/fanxingyu/whq/softwares/rocksdb/util/crc32c.cc", "function_name": "PureExtend", "begin_line": 1380, "end_line": 1382, "self_time": 19, "self_total_time": 20}
{"file_path": "/home/fanxingyu/whq/softwares/rocksdb/table/meta_blocks.cc", "function_name": "NotifyCollectTableCollectorsOnBlockAdd", "begin_line": 184, "end_line": 192, "self_time": 23, "self_total_time": 24}
{"file_path": "/home/fanxingyu/whq/softwares/rocksdb/table/block_based/block_based_table_reader.cc", "function_name": "ReadBlockFromFile", "begin_line": 91, "end_line": 115, "self_time": 23, "self_total_time": 6162}
{"file_path": "/home/fanxingyu/whq/softwares/rocksdb/table/format.cc", "function_name": "ShouldReportDetailedTime", "begin_line": 46, "end_line": 49, "self_time": 19, "self_total_time": 19}
{"file_path": "/home/fanxingyu/whq/softwares/rocksdb/db/write_batch.cc", "function_name": "MaybeAdvanceSeq", "begin_line": 1469, "end_line": 1473, "self_time": 20, "self_total_time": 20}
{"file_path": "/home/fanxingyu/whq/softwares/rocksdb/table/merging_iterator.cc", "function_name": "CurrentForward", "begin_line": 324, "end_line": 327, "self_time": 14, "self_total_time": 44}
{"file_path": "/home/fanxingyu/whq/softwares/rocksdb/table/block_based/data_block_footer.cc", "function_name": "PackIndexTypeAndNumRestarts", "begin_line": 24, "end_line": 39, "self_time": 12, "self_total_time": 12}
{"file_path": "/home/fanxingyu/whq/softwares/rocksdb/util/hash.cc", "function_name": "Hash64", "begin_line": 85, "end_line": 88, "self_time": 11, "self_total_time": 40}
{"file_path": "/home/fanxingyu/whq/softwares/rocksdb/db/version_set.cc", "function_name": "Next", "begin_line": 1151, "end_line": 1155, "self_time": 10, "self_total_time": 934}
{"file_path": "/home/fanxingyu/whq/softwares/rocksdb/memtable/skiplistrep.cc", "function_name": "InsertKeyConcurrently", "begin_line": 70, "end_line": 72, "self_time": 10, "self_total_time": 10}
{"file_path": "/home/fanxingyu/whq/softwares/rocksdb/util/coding.cc", "function_name": "GetVarint64Ptr", "begin_line": 72, "end_line": 87, "self_time": 17, "self_total_time": 17}
{"file_path": "/home/fanxingyu/whq/softwares/rocksdb/table/block_based/flush_block_policy.cc", "function_name": "BlockAlmostFull", "begin_line": 55, "end_line": 71, "self_time": 27, "self_total_time": 27}
{"file_path": "/home/fanxingyu/whq/softwares/rocksdb/db/write_batch.cc", "function_name": "GetPostMap", "begin_line": 1362, "end_line": 1369, "self_time": 9, "self_total_time": 9}
{"file_path": "/home/fanxingyu/whq/softwares/rocksdb/util/comparator.cc", "function_name": "FindShortestSeparator", "begin_line": 39, "end_line": 88, "self_time": 11, "self_total_time": 27}
{"file_path": "/home/fanxingyu/whq/softwares/rocksdb/table/block_based/data_block_footer.cc", "function_name": "UnPackIndexTypeAndNumRestarts", "begin_line": 41, "end_line": 57, "self_time": 9, "self_total_time": 9}
{"file_path": "/home/fanxingyu/whq/softwares/rocksdb/db/memtable.cc", "function_name": "CheckCallback", "begin_line": 690, "end_line": 695, "self_time": 4, "self_total_time": 4}
{"file_path": "/home/fanxingyu/whq/softwares/rocksdb/db/version_set.cc", "function_name": "Valid", "begin_line": 928, "end_line": 928, "self_time": 2, "self_total_time": 2}
{"file_path": "/home/fanxingyu/whq/softwares/rocksdb/db/version_set.cc", "function_name": "key", "begin_line": 929, "end_line": 932, "self_time": 2, "self_total_time": 3}
{"file_path": "/home/fanxingyu/whq/softwares/rocksdb/db/builder.cc", "function_name": "BuildTable", "begin_line": 55, "end_line": 393, "self_time": 2, "self_total_time": 10789}
{"file_path": "/home/fanxingyu/whq/softwares/rocksdb/table/block_based/block_based_table_builder.cc", "function_name": "CompressBlock", "begin_line": 115, "end_line": 182, "self_time": 5, "self_total_time": 37535}
{"file_path": "/home/fanxingyu/whq/softwares/rocksdb/db/write_batch.cc", "function_name": "get_post_process_info", "begin_line": 2252, "end_line": 2258, "self_time": 2, "self_total_time": 1326}
{"file_path": "/home/fanxingyu/whq/softwares/rocksdb/db/memtable.cc", "function_name": "Next", "begin_line": 382, "end_line": 388, "self_time": 3, "self_total_time": 3}
{"file_path": "/home/fanxingyu/whq/softwares/rocksdb/util/crc32c.cc", "function_name": "gf_multiply_sw_1", "begin_line": 1292, "end_line": 1302, "self_time": 1, "self_total_time": 1}
{"file_path": "/home/fanxingyu/whq/softwares/rocksdb/util/comparator.cc", "function_name": "CompareWithoutTimestamp", "begin_line": 135, "end_line": 138, "self_time": 1, "self_total_time": 1}
{"file_path": "/home/fanxingyu/whq/softwares/rocksdb/table/block_based/block_based_table_reader.cc", "function_name": "IsFeatureSupported", "begin_line": 434, "end_line": 448, "self_time": 1, "self_total_time": 2}
{"file_path": "/home/fanxingyu/whq/softwares/rocksdb/db/version_set.cc", "function_name": "SkipEmptyFileForward", "begin_line": 1181, "end_line": 1204, "self_time": 1, "self_total_time": 5}
{"file_path": "/home/fanxingyu/whq/softwares/rocksdb/env/env_posix.cc", "function_name": "NowMicros", "begin_line": 134, "end_line": 138, "self_time": 1, "self_total_time": 2}
{"file_path": "/home/fanxingyu/whq/softwares/rocksdb/env/env_posix.cc", "function_name": "GetBackgroundThreads", "begin_line": 342, "end_line": 345, "self_time": 1, "self_total_time": 1}
{"file_path": "/home/fanxingyu/whq/softwares/rocksdb/table/block_based/filter_policy.cc", "function_name": "AddHash", "begin_line": 944, "end_line": 954, "self_time": 0, "self_total_time": 168}
{"file_path": "/home/fanxingyu/whq/softwares/rocksdb/db/version_builder.cc", "function_name": "BySmallestKey", "begin_line": 49, "end_line": 57, "self_time": 0, "self_total_time": 23}
{"file_path": "/home/fanxingyu/whq/softwares/rocksdb/db/db_impl/db_impl.cc", "function_name": "GetWithTimestampReadCallback", "begin_line": 1716, "end_line": 1717, "self_time": 0, "self_total_time": 366}
{"file_path": "/home/fanxingyu/whq/softwares/rocksdb/cache/sharded_cache.cc", "function_name": "HashSlice", "begin_line": 24, "end_line": 26, "self_time": 0, "self_total_time": 4}
{"file_path": "/home/fanxingyu/whq/softwares/rocksdb/db/version_set.cc", "function_name": "InitFileIterator", "begin_line": 1235, "end_line": 1255, "self_time": 0, "self_total_time": 1}
{"file_path": "/home/fanxingyu/whq/softwares/rocksdb/memtable/skiplistrep.cc", "function_name": "Iterator", "begin_line": 171, "end_line": 173, "self_time": 0, "self_total_time": 115}
{"file_path": "/home/fanxingyu/whq/softwares/rocksdb/java/rocksjni/options_util.cc", "function_name": "Java_org_rocksdb_OptionsUtil_loadOptionsFromFile__Ljava_lang_String_2JJLjava_util_List_2Z", "begin_line": 116, "end_line": 137, "self_time": 0, "self_total_time": 1}
{"file_path": "/home/fanxingyu/whq/softwares/rocksdb/db/version_set.cc", "function_name": "KeyReachedUpperBound", "begin_line": 989, "end_line": 994, "self_time": 0, "self_total_time": 1}
{"file_path": "/home/fanxingyu/whq/softwares/rocksdb/file/filename.cc", "function_name": "MakeFileName", "begin_line": 71, "end_line": 74, "self_time": 0, "self_total_time": 5}
{"file_path": "/home/fanxingyu/whq/softwares/rocksdb/memtable/skiplistrep.cc", "function_name": "Next", "begin_line": 186, "end_line": 186, "self_time": 0, "self_total_time": 649}
{"file_path": "/home/fanxingyu/whq/softwares/rocksdb/memtable/skiplistrep.cc", "function_name": "Seek", "begin_line": 193, "end_line": 199, "self_time": 0, "self_total_time": 253343}
{"file_path": "/home/fanxingyu/whq/softwares/rocksdb/db/version_set.cc", "function_name": "SeekToFirst", "begin_line": 1133, "end_line": 1140, "self_time": 0, "self_total_time": 3}
{"file_path": "/home/fanxingyu/whq/softwares/rocksdb/env/fs_posix.cc", "function_name": "SetFD_CLOEXEC", "begin_line": 148, "end_line": 152, "self_time": 0, "self_total_time": 4}
{"file_path": "/home/fanxingyu/whq/softwares/rocksdb/db/version_set.cc", "function_name": "SortFileByOverlappingRatio", "begin_line": 3139, "end_line": 3175, "self_time": 0, "self_total_time": 4}
{"file_path": "/home/fanxingyu/whq/softwares/rocksdb/memtable/skiplistrep.cc", "function_name": "Valid", "begin_line": 178, "end_line": 178, "self_time": 0, "self_total_time": 90}
{"file_path": "/home/fanxingyu/whq/softwares/rocksdb/java/rocksjni/options_util.cc", "function_name": "build_column_family_descriptor_list", "begin_line": 19, "end_line": 51, "self_time": 0, "self_total_time": 1}
{"file_path": "/home/fanxingyu/whq/softwares/rocksdb/util/crc32c.cc", "function_name": "gf_multiply_sw", "begin_line": 1303, "end_line": 1305, "self_time": 0, "self_total_time": 5621}
{"file_path": "/home/fanxingyu/whq/softwares/rocksdb/memtable/skiplistrep.cc", "function_name": "key", "begin_line": 182, "end_line": 182, "self_time": 0, "self_total_time": 110}
{"file_path": "/home/fanxingyu/whq/softwares/rocksdb/env/env_posix.cc", "function_name": "CPUNanos", "begin_line": 172, "end_line": 180, "self_time": 0, "self_total_time": 3}
{"file_path": "/home/fanxingyu/whq/softwares/rocksdb/env/env_posix.cc", "function_name": "GetCurrentTime", "begin_line": 184, "end_line": 191, "self_time": 0, "self_total_time": 1}
{"file_path": "/home/fanxingyu/whq/softwares/rocksdb/env/fs_posix.cc", "function_name": "NewRandomAccessFile", "begin_line": 209, "end_line": 277, "self_time": 0, "self_total_time": 7}
{"file_path": "/home/fanxingyu/whq/softwares/rocksdb/env/fs_posix.cc", "function_name": "NewWritableFile", "begin_line": 370, "end_line": 374, "self_time": 0, "self_total_time": 107}
{"file_path": "/home/fanxingyu/whq/softwares/rocksdb/env/fs_posix.cc", "function_name": "OpenWritableFile", "begin_line": 279, "end_line": 368, "self_time": 0, "self_total_time": 106}
{"file_path": "/home/fanxingyu/whq/softwares/rocksdb/db/dbformat.cc", "function_name": "AppendInternalKey", "begin_line": 53, "end_line": 56, "self_time": 0, "self_total_time": 1}
{"file_path": "/home/fanxingyu/whq/softwares/rocksdb/file/file_util.cc", "function_name": "DeleteDBFile", "begin_line": 94, "end_line": 113, "self_time": 0, "self_total_time": 4745}
{"file_path": "/home/fanxingyu/whq/softwares/rocksdb/db/version_set.cc", "function_name": "DoGenerateLevelFilesBrief", "begin_line": 798, "end_line": 826, "self_time": 0, "self_total_time": 1}
{"file_path": "/home/fanxingyu/whq/softwares/rocksdb/db/internal_stats.cc", "function_name": "GetPropertyInfo", "begin_line": 799, "end_line": 806, "self_time": 0, "self_total_time": 1}
{"file_path": "/home/fanxingyu/whq/softwares/rocksdb/env/env.cc", "function_name": "Log", "begin_line": 824, "end_line": 829, "self_time": 0, "self_total_time": 5}
{"file_path": "/home/fanxingyu/whq/softwares/rocksdb/env/env.cc", "function_name": "Log", "begin_line": 873, "end_line": 879, "self_time": 0, "self_total_time": 4}
{"file_path": "/home/fanxingyu/whq/softwares/rocksdb/env/env.cc", "function_name": "Log", "begin_line": 963, "end_line": 969, "self_time": 0, "self_total_time": 17}
{"file_path": "/home/fanxingyu/whq/softwares/rocksdb/logging/log_buffer.cc", "function_name": "LogToBuffer", "begin_line": 83, "end_line": 90, "self_time": 0, "self_total_time": 4}
{"file_path": "/home/fanxingyu/whq/softwares/rocksdb/file/filename.cc", "function_name": "MakeFileName", "begin_line": 64, "end_line": 69, "self_time": 0, "self_total_time": 4}
{"file_path": "/home/fanxingyu/whq/softwares/rocksdb/file/filename.cc", "function_name": "MakeTableFileName", "begin_line": 111, "end_line": 113, "self_time": 0, "self_total_time": 5}
{"file_path": "/home/fanxingyu/whq/softwares/rocksdb/table/merging_iterator.cc", "function_name": "SeekToFirst", "begin_line": 82, "end_line": 91, "self_time": 0, "self_total_time": 3}
{"file_path": "/home/fanxingyu/whq/softwares/rocksdb/table/merging_iterator.cc", "function_name": "value", "begin_line": 233, "end_line": 236, "self_time": 0, "self_total_time": 282}
{"file_path": "/home/fanxingyu/whq/softwares/rocksdb/file/read_write_util.cc", "function_name": "NewWritableFile", "begin_line": 17, "end_line": 25, "self_time": 0, "self_total_time": 107}
{"file_path": "/home/fanxingyu/whq/softwares/rocksdb/table/meta_blocks.cc", "function_name": "NotifyCollectTableCollectorsOnFinish", "begin_line": 194, "end_line": 212, "self_time": 0, "self_total_time": 2}
{"file_path": "/home/fanxingyu/whq/softwares/rocksdb/table/format.cc", "function_name": "ReadFooterFromFile", "begin_line": 285, "end_line": 345, "self_time": 0, "self_total_time": 8}
{"file_path": "/home/fanxingyu/whq/softwares/rocksdb/table/meta_blocks.cc", "function_name": "ReadProperties", "begin_line": 214, "end_line": 391, "self_time": 0, "self_total_time": 14}
{"file_path": "/home/fanxingyu/whq/softwares/rocksdb/db/version_set.cc", "function_name": "SomeFileOverlapsRange", "begin_line": 844, "end_line": 880, "self_time": 0, "self_total_time": 1}
{"file_path": "/home/fanxingyu/whq/softwares/rocksdb/file/filename.cc", "function_name": "SyncManifest", "begin_line": 441, "end_line": 446, "self_time": 0, "self_total_time": 1}
{"file_path": "/home/fanxingyu/whq/softwares/rocksdb/file/filename.cc", "function_name": "TableFileName", "begin_line": 139, "end_line": 149, "self_time": 0, "self_total_time": 3}
{"file_path": "/home/fanxingyu/whq/softwares/rocksdb/table/format.cc", "function_name": "UncompressBlockContents", "begin_line": 402, "end_line": 412, "self_time": 0, "self_total_time": 40}
{"file_path": "/home/fanxingyu/whq/softwares/rocksdb/table/format.cc", "function_name": "UncompressBlockContentsForCompressionType", "begin_line": 347, "end_line": 393, "self_time": 0, "self_total_time": 40}
{"file_path": "/home/fanxingyu/whq/softwares/rocksdb/java/rocksjni/rocksjni.cc", "function_name": "rocksdb_open_helper", "begin_line": 91, "end_line": 3707, "self_time": 0, "self_total_time": 461}
{"file_path": "/home/fanxingyu/whq/softwares/rocksdb/db/version_set.cc", "function_name": "value", "begin_line": 934, "end_line": 937, "self_time": 0, "self_total_time": 30}
{"file_path": "/home/fanxingyu/whq/softwares/rocksdb/memtable/skiplistrep.cc", "function_name": "~Iterator", "begin_line": 175, "end_line": 175, "self_time": 0, "self_total_time": 10}
