{"file_path": "/home/fanxingyu/whq/softwares/scann/scann/utils/intrinsics/avx2.h", "function_name": "operator*", "begin_line": 142, "end_line": 145, "self_time": 768906, "self_total_time": 768906}
{"file_path": "/home/fanxingyu/whq/softwares/scann/scann/utils/intrinsics/avx2.h", "function_name": "operator=", "begin_line": 129, "end_line": 135, "self_time": 279123, "self_total_time": 279123}
{"file_path": "/home/fanxingyu/whq/softwares/scann/scann/utils/intrinsics/avx2.h", "function_name": "Add", "begin_line": 296, "end_line": 317, "self_time": 201885, "self_total_time": 576992}
{"file_path": "/home/fanxingyu/whq/softwares/scann/scann/utils/intrinsics/fma.inc", "function_name": "FusedMultiplySubtract", "begin_line": 27, "end_line": 42, "self_time": 196194, "self_total_time": 555641}
{"file_path": "/home/fanxingyu/whq/softwares/scann/scann/utils/intrinsics/avx2.h", "function_name": "ShiftRight", "begin_line": 437, "end_line": 463, "self_time": 39825, "self_total_time": 266984}
{"file_path": "/home/fanxingyu/whq/softwares/scann/scann/utils/intrinsics/avx2.h", "function_name": "BitwiseAnd", "begin_line": 399, "end_line": 411, "self_time": 27892, "self_total_time": 250997}
{"file_path": "/home/fanxingyu/whq/softwares/scann/scann/distance_measures/one_to_many/one_to_many_impl.inc", "function_name": "HandleXDims", "begin_line": 65, "end_line": 130, "self_time": 23988, "self_total_time": 249498}
{"file_path": "/home/fanxingyu/whq/softwares/scann/scann/utils/intrinsics/avx2.h", "function_name": "operator[]", "begin_line": 147, "end_line": 155, "self_time": 14075, "self_total_time": 14075}
{"file_path": "/home/fanxingyu/whq/softwares/scann/scann/utils/internal/avx2_funcs.h", "function_name": "Int8ToFloatLower", "begin_line": 26, "end_line": 28, "self_time": 12290, "self_total_time": 63399}
{"file_path": "/home/fanxingyu/whq/softwares/scann/scann/utils/intrinsics/avx2.h", "function_name": "GetComparisonMask", "begin_line": 956, "end_line": 967, "self_time": 7359, "self_total_time": 19455}
{"file_path": "/home/fanxingyu/whq/softwares/scann/scann/utils/intrinsics/avx2.h", "function_name": "Subtract", "begin_line": 324, "end_line": 344, "self_time": 5503, "self_total_time": 13462}
{"file_path": "/home/fanxingyu/whq/softwares/scann/scann/utils/intrinsics/horizontal_sum.h", "function_name": "HorizontalSum3X", "begin_line": 142, "end_line": 154, "self_time": 1656, "self_total_time": 13018}
{"file_path": "/home/fanxingyu/whq/softwares/scann/scann/utils/intrinsics/avx2.h", "function_name": "ZeroOneRegister", "begin_line": 167, "end_line": 175, "self_time": 1344, "self_total_time": 7051}
{"file_path": "/home/fanxingyu/whq/softwares/scann/scann/utils/intrinsics/avx2.h", "function_name": "Clear", "begin_line": 185, "end_line": 190, "self_time": 1262, "self_total_time": 8548}
{"file_path": "/home/fanxingyu/whq/softwares/scann/scann/utils/intrinsics/avx2.h", "function_name": "BroadcastOneRegister", "begin_line": 192, "end_line": 213, "self_time": 1257, "self_total_time": 4059}
{"file_path": "/home/fanxingyu/whq/softwares/scann/scann/utils/intrinsics/horizontal_sum.h", "function_name": "Sum128BitLanes", "begin_line": 106, "end_line": 122, "self_time": 1107, "self_total_time": 4322}
{"file_path": "/home/fanxingyu/whq/softwares/scann/scann/utils/parallel_for.h", "function_name": "DoWork", "begin_line": 119, "end_line": 136, "self_time": 1043, "self_total_time": 670205}
{"file_path": "/home/fanxingyu/whq/softwares/scann/scann/utils/fast_top_neighbors_impl.inc", "function_name": "UseMasksToCompactDoublePorted", "begin_line": 112, "end_line": 188, "self_time": 908, "self_total_time": 2004}
{"file_path": "/home/fanxingyu/whq/softwares/scann/scann/distance_measures/many_to_many/many_to_many_impl.inc", "function_name": "TransposeDatabaseBlockImpl", "begin_line": 163, "end_line": 201, "self_time": 780, "self_total_time": 780}
{"file_path": "/home/fanxingyu/whq/softwares/scann/scann/utils/intrinsics/avx2.h", "function_name": "ShiftLeft", "begin_line": 474, "end_line": 490, "self_time": 737, "self_total_time": 6149}
{"file_path": "/home/fanxingyu/whq/softwares/scann/scann/utils/intrinsics/avx2.h", "function_name": "GreaterThan", "begin_line": 673, "end_line": 697, "self_time": 686, "self_total_time": 6557}
{"file_path": "/home/fanxingyu/whq/softwares/scann/scann/distance_measures/many_to_many/many_to_many_impl.inc", "function_name": "AugmentWithL2Norms", "begin_line": 231, "end_line": 252, "self_time": 368, "self_total_time": 8626}
{"file_path": "/home/fanxingyu/whq/softwares/scann/scann/utils/intrinsics/avx2.h", "function_name": "Multiply", "begin_line": 351, "end_line": 372, "self_time": 347, "self_total_time": 1251}
{"file_path": "/home/fanxingyu/whq/softwares/scann/scann/utils/common.h", "function_name": "operator++", "begin_line": 296, "end_line": 299, "self_time": 268, "self_total_time": 268}
{"file_path": "/home/fanxingyu/whq/softwares/scann/scann/utils/intrinsics/avx2.h", "function_name": "GetComparisonMask", "begin_line": 978, "end_line": 985, "self_time": 259, "self_total_time": 823}
{"file_path": "/home/fanxingyu/whq/softwares/scann/scann/utils/fast_top_neighbors_impl.inc", "function_name": "ApproxNthElementImpl", "begin_line": 250, "end_line": 387, "self_time": 238, "self_total_time": 6867}
{"file_path": "/home/fanxingyu/whq/softwares/scann/scann/utils/fast_top_neighbors_impl.inc", "function_name": "CalculateSwapMasks", "begin_line": 5, "end_line": 27, "self_time": 219, "self_total_time": 3886}
{"file_path": "/home/fanxingyu/whq/softwares/scann/scann/utils/intrinsics/avx2.h", "function_name": "GetComparisonMask", "begin_line": 969, "end_line": 972, "self_time": 210, "self_total_time": 19665}
{"file_path": "/home/fanxingyu/whq/softwares/scann/scann/hashes/asymmetric_hashing2/searcher.h", "function_name": "SetIndexAndBias", "begin_line": 194, "end_line": 197, "self_time": 209, "self_total_time": 209}
{"file_path": "/home/fanxingyu/whq/softwares/scann/scann/utils/intrinsics/flags.h", "function_name": "RuntimeSupportsSse4", "begin_line": 39, "end_line": 39, "self_time": 205, "self_total_time": 205}
{"file_path": "/home/fanxingyu/whq/softwares/scann/scann/utils/intrinsics/avx2.h", "function_name": "LessThan", "begin_line": 583, "end_line": 598, "self_time": 137, "self_total_time": 7118}
{"file_path": "/home/fanxingyu/whq/softwares/scann/scann/distance_measures/one_to_many/one_to_many_impl.inc", "function_name": "FusedMultiplyOp", "begin_line": 54, "end_line": 62, "self_time": 129, "self_total_time": 102115}
{"file_path": "/home/fanxingyu/whq/softwares/scann/scann/utils/fast_top_neighbors_impl.inc", "function_name": "UseMaskToCompact", "begin_line": 98, "end_line": 109, "self_time": 117, "self_total_time": 171}
{"file_path": "/home/fanxingyu/whq/softwares/scann/scann/utils/intrinsics/avx2.h", "function_name": "Store", "begin_line": 263, "end_line": 268, "self_time": 106, "self_total_time": 1325}
{"file_path": "/home/fanxingyu/whq/softwares/scann/scann/base/search_parameters.h", "function_name": "crowding_enabled", "begin_line": 99, "end_line": 102, "self_time": 103, "self_total_time": 103}
{"file_path": "/home/fanxingyu/whq/softwares/scann/scann/trees/kmeans_tree/kmeans_tree.h", "function_name": "operator<", "begin_line": 256, "end_line": 269, "self_time": 99, "self_total_time": 99}
{"file_path": "/home/fanxingyu/whq/softwares/scann/scann/data_format/docid_collection.h", "function_name": "size", "begin_line": 58, "end_line": 58, "self_time": 96, "self_total_time": 96}
{"file_path": "/home/fanxingyu/whq/softwares/scann/scann/utils/intrinsics/flags.h", "function_name": "RuntimeSupportsAvx1", "begin_line": 40, "end_line": 40, "self_time": 91, "self_total_time": 91}
{"file_path": "/home/fanxingyu/whq/softwares/scann/scann/utils/intrinsics/avx2.h", "function_name": "Equals", "begin_line": 625, "end_line": 646, "self_time": 90, "self_total_time": 238}
{"file_path": "/home/fanxingyu/whq/softwares/scann/scann/utils/intrinsics/avx2.h", "function_name": "ExpandOneRegister", "begin_line": 813, "end_line": 850, "self_time": 74, "self_total_time": 1456}
{"file_path": "/home/fanxingyu/whq/softwares/scann/scann/utils/intrinsics/avx2.h", "function_name": "GetComparisonMask", "begin_line": 987, "end_line": 989, "self_time": 68, "self_total_time": 891}
{"file_path": "/home/fanxingyu/whq/softwares/scann/scann/utils/fast_top_neighbors_impl.inc", "function_name": "UseMasksToPartition", "begin_line": 48, "end_line": 95, "self_time": 54, "self_total_time": 123}
{"file_path": "/home/fanxingyu/whq/softwares/scann/scann/hashes/asymmetric_hashing2/searcher.h", "function_name": "top_n", "begin_line": 201, "end_line": 201, "self_time": 53, "self_total_time": 53}
{"file_path": "/home/fanxingyu/whq/softwares/scann/scann/utils/intrinsics/flags.h", "function_name": "RuntimeSupportsAvx2", "begin_line": 41, "end_line": 41, "self_time": 47, "self_total_time": 47}
{"file_path": "/home/fanxingyu/whq/softwares/scann/scann/utils/fast_top_neighbors.h", "function_name": "ReleaseMutator", "begin_line": 191, "end_line": 194, "self_time": 46, "self_total_time": 46}
{"file_path": "/home/fanxingyu/whq/softwares/scann/scann/utils/internal/avx2_funcs.h", "function_name": "MultiplyAdd", "begin_line": 34, "end_line": 37, "self_time": 46, "self_total_time": 119}
{"file_path": "/home/fanxingyu/whq/softwares/scann/scann/distance_measures/many_to_many/many_to_many_impl.inc", "function_name": "MidLevelBatch", "begin_line": 409, "end_line": 455, "self_time": 44, "self_total_time": 717802}
{"file_path": "/home/fanxingyu/whq/softwares/scann/scann/utils/intrinsics/avx2.h", "function_name": "StoreOneRegister", "begin_line": 253, "end_line": 261, "self_time": 37, "self_total_time": 963}
{"file_path": "/home/fanxingyu/whq/softwares/scann/scann/data_format/dataset.h", "function_name": "operator[]", "begin_line": 536, "end_line": 541, "self_time": 37, "self_total_time": 67}
{"file_path": "/home/fanxingyu/whq/softwares/scann/scann/utils/fast_top_neighbors.h", "function_name": "Init", "begin_line": 60, "end_line": 87, "self_time": 32, "self_total_time": 292}
{"file_path": "/home/fanxingyu/whq/softwares/scann/scann/projection/chunking_projection.h", "function_name": "operator[]", "begin_line": 40, "end_line": 50, "self_time": 27, "self_total_time": 140}
{"file_path": "/home/fanxingyu/whq/softwares/scann/scann/hashes/asymmetric_hashing2/training_model.h", "function_name": "quantization_scheme", "begin_line": 49, "end_line": 51, "self_time": 26, "self_total_time": 26}
{"file_path": "/home/fanxingyu/whq/softwares/scann/scann/utils/fast_top_neighbors_impl.inc", "function_name": "UseMasksToSelect", "begin_line": 201, "end_line": 214, "self_time": 24, "self_total_time": 31}
{"file_path": "/home/fanxingyu/whq/softwares/scann/scann/hashes/asymmetric_hashing2/searcher.h", "function_name": "supports_crowding", "begin_line": 109, "end_line": 109, "self_time": 22, "self_total_time": 22}
{"file_path": "/home/fanxingyu/whq/softwares/scann/scann/hashes/asymmetric_hashing2/querying.h", "function_name": "empty", "begin_line": 51, "end_line": 54, "self_time": 20, "self_total_time": 20}
{"file_path": "/home/fanxingyu/whq/softwares/scann/scann/tree_x_hybrid/tree_ah_hybrid_residual.h", "function_name": "supports_crowding", "begin_line": 66, "end_line": 66, "self_time": 18, "self_total_time": 18}
{"file_path": "/home/fanxingyu/whq/softwares/scann/scann/utils/fast_top_neighbors_impl.inc", "function_name": "UseMasksToCompact", "begin_line": 191, "end_line": 198, "self_time": 17, "self_total_time": 2192}
{"file_path": "/home/fanxingyu/whq/softwares/scann/scann/utils/fast_top_neighbors.h", "function_name": "FinishUnsorted", "begin_line": 157, "end_line": 168, "self_time": 13, "self_total_time": 1717}
{"file_path": "/home/fanxingyu/whq/softwares/scann/scann/utils/fast_top_neighbors.h", "function_name": "GarbageCollectApproximate", "begin_line": 179, "end_line": 185, "self_time": 10, "self_total_time": 5111}
{"file_path": "/home/fanxingyu/whq/softwares/scann/scann/utils/top_n_amortized_constant.h", "function_name": "PartitionAndResizeToLimit", "begin_line": 120, "end_line": 125, "self_time": 10, "self_total_time": 166}
{"file_path": "/home/fanxingyu/whq/softwares/scann/scann/utils/intrinsics/avx2.h", "function_name": "operator[]", "begin_line": 889, "end_line": 892, "self_time": 8, "self_total_time": 8}
{"file_path": "/home/fanxingyu/whq/softwares/scann/scann/base/search_parameters.h", "function_name": "pre_reordering_epsilon", "begin_line": 70, "end_line": 70, "self_time": 7, "self_total_time": 7}
{"file_path": "/home/fanxingyu/whq/softwares/scann/scann/base/search_parameters.h", "function_name": "set_pre_reordering_epsilon", "begin_line": 72, "end_line": 72, "self_time": 6, "self_total_time": 6}
{"file_path": "/home/fanxingyu/whq/softwares/scann/scann/data_format/datapoint.h", "function_name": "dimensionality", "begin_line": 275, "end_line": 277, "self_time": 6, "self_total_time": 6}
{"file_path": "/home/fanxingyu/whq/softwares/scann/scann/projection/chunking_projection.h", "function_name": "num_blocks", "begin_line": 52, "end_line": 52, "self_time": 6, "self_total_time": 6}
{"file_path": "/home/fanxingyu/whq/softwares/scann/scann/data_format/datapoint.h", "function_name": "set_dimensionality", "begin_line": 279, "end_line": 281, "self_time": 5, "self_total_time": 5}
{"file_path": "/home/fanxingyu/whq/softwares/scann/scann/utils/intrinsics/avx2.h", "function_name": "operator=", "begin_line": 137, "end_line": 140, "self_time": 5, "self_total_time": 133}
{"file_path": "/home/fanxingyu/whq/softwares/scann/scann/distance_measures/one_to_many/one_to_many.h", "function_name": "VectorVector", "begin_line": 1290, "end_line": 1293, "self_time": 5, "self_total_time": 42637}
{"file_path": "/home/fanxingyu/whq/softwares/scann/scann/trees/kmeans_tree/kmeans_tree_node.h", "function_name": "LeafId", "begin_line": 55, "end_line": 55, "self_time": 4, "self_total_time": 4}
{"file_path": "/home/fanxingyu/whq/softwares/scann/scann/base/search_parameters.h", "function_name": "post_reordering_epsilon", "begin_line": 71, "end_line": 71, "self_time": 4, "self_total_time": 4}
{"file_path": "/home/fanxingyu/whq/softwares/scann/scann/utils/zip_sort_impl.h", "function_name": "ComputeDepthLimit", "begin_line": 359, "end_line": 369, "self_time": 4, "self_total_time": 12}
{"file_path": "/home/fanxingyu/whq/softwares/scann/scann/utils/fast_top_neighbors.h", "function_name": "operator=", "begin_line": 46, "end_line": 58, "self_time": 4, "self_total_time": 9}
{"file_path": "/home/fanxingyu/whq/softwares/scann/scann/base/single_machine_base.h", "function_name": "exact_reordering_enabled", "begin_line": 314, "end_line": 317, "self_time": 3, "self_total_time": 253}
{"file_path": "/home/fanxingyu/whq/softwares/scann/scann/utils/internal/avx2_funcs.h", "function_name": "Sum8", "begin_line": 56, "end_line": 65, "self_time": 3, "self_total_time": 115}
{"file_path": "/home/fanxingyu/whq/softwares/scann/scann/data_format/datapoint.h", "function_name": "IsDense", "begin_line": 283, "end_line": 283, "self_time": 3, "self_total_time": 5}
{"file_path": "/home/fanxingyu/whq/softwares/scann/scann/utils/top_n_amortized_constant.h", "function_name": "TakeUnsorted", "begin_line": 69, "end_line": 76, "self_time": 3, "self_total_time": 70}
{"file_path": "/home/fanxingyu/whq/softwares/scann/scann/utils/top_n_amortized_constant.h", "function_name": "push", "begin_line": 48, "end_line": 62, "self_time": 3, "self_total_time": 290}
{"file_path": "/home/fanxingyu/whq/softwares/scann/scann/base/search_parameters.h", "function_name": "pre_reordering_crowding_enabled", "begin_line": 90, "end_line": 93, "self_time": 2, "self_total_time": 2}
{"file_path": "/home/fanxingyu/whq/softwares/scann/scann/utils/common.h", "function_name": "VerifyAllFinite", "begin_line": 393, "end_line": 395, "self_time": 2, "self_total_time": 167}
{"file_path": "/home/fanxingyu/whq/softwares/scann/scann/tree_x_hybrid/tree_x_hybrid_smmd.h", "function_name": "supports_crowding", "begin_line": 117, "end_line": 117, "self_time": 2, "self_total_time": 2}
{"file_path": "/home/fanxingyu/whq/softwares/scann/scann/utils/internal/avx2_funcs.h", "function_name": "Int8ToFloatUpper", "begin_line": 30, "end_line": 32, "self_time": 1, "self_total_time": 77}
{"file_path": "/home/fanxingyu/whq/softwares/scann/scann/utils/fast_top_neighbors.h", "function_name": "AcquireMutator", "begin_line": 293, "end_line": 299, "self_time": 1, "self_total_time": 19}
{"file_path": "/home/fanxingyu/whq/softwares/scann/scann/tree_x_hybrid/tree_x_params.h", "function_name": "set_num_partitions_to_search_override", "begin_line": 60, "end_line": 63, "self_time": 1, "self_total_time": 1}
{"file_path": "/home/fanxingyu/whq/softwares/scann/scann/hashes/asymmetric_hashing2/training_model.h", "function_name": "num_clusters_per_block", "begin_line": 45, "end_line": 45, "self_time": 1, "self_total_time": 1}
{"file_path": "/home/fanxingyu/whq/softwares/scann/scann/distance_measures/many_to_many/many_to_many_impl.inc", "function_name": "TopLevelBatch", "begin_line": 283, "end_line": 321, "self_time": 1, "self_total_time": 606248}
{"file_path": "/home/fanxingyu/whq/softwares/scann/scann/tree_x_hybrid/tree_x_params.h", "function_name": "num_partitions_to_search_override", "begin_line": 56, "end_line": 58, "self_time": 1, "self_total_time": 1}
{"file_path": "/home/fanxingyu/whq/softwares/scann/scann/utils/parallel_for.h", "function_name": "Run", "begin_line": 111, "end_line": 117, "self_time": 0, "self_total_time": 239886}
{"file_path": "/home/fanxingyu/whq/softwares/scann/scann/utils/intrinsics/avx2.h", "function_name": "Broadcast", "begin_line": 215, "end_line": 221, "self_time": 0, "self_total_time": 5034}
{"file_path": "/home/fanxingyu/whq/softwares/scann/scann/utils/intrinsics/avx2.h", "function_name": "operator<<", "begin_line": 492, "end_line": 499, "self_time": 0, "self_total_time": 6786}
{"file_path": "/home/fanxingyu/whq/softwares/scann/scann/utils/intrinsics/avx2.h", "function_name": "operator=", "begin_line": 124, "end_line": 127, "self_time": 0, "self_total_time": 6963}
{"file_path": "/home/fanxingyu/whq/softwares/scann/scann/utils/intrinsics/avx2.h", "function_name": "operator>>", "begin_line": 465, "end_line": 472, "self_time": 0, "self_total_time": 343912}
{"file_path": "/home/fanxingyu/whq/softwares/scann/scann/data_format/datapoint.h", "function_name": "ToPtr", "begin_line": 291, "end_line": 297, "self_time": 0, "self_total_time": 39}
{"file_path": "/home/fanxingyu/whq/softwares/scann/scann/data_format/datapoint.h", "function_name": "clear", "begin_line": 301, "end_line": 306, "self_time": 0, "self_total_time": 13}
{"file_path": "/home/fanxingyu/whq/softwares/scann/scann/data_format/datapoint.h", "function_name": "mutable_values_span", "begin_line": 266, "end_line": 266, "self_time": 0, "self_total_time": 3}
{"file_path": "/home/fanxingyu/whq/softwares/scann/scann/data_format/datapoint.h", "function_name": "nonzero_entries", "begin_line": 271, "end_line": 273, "self_time": 0, "self_total_time": 10}
{"file_path": "/home/fanxingyu/whq/softwares/scann/scann/utils/common.h", "function_name": "end", "begin_line": 373, "end_line": 373, "self_time": 0, "self_total_time": 2}
{"file_path": "/home/fanxingyu/whq/softwares/scann/scann/trees/kmeans_tree/kmeans_tree.h", "function_name": "CenterForToken", "begin_line": 160, "end_line": 164, "self_time": 0, "self_total_time": 2}
{"file_path": "/home/fanxingyu/whq/softwares/scann/scann/trees/kmeans_tree/kmeans_tree.h", "function_name": "CenterForTokenImpl", "begin_line": 233, "end_line": 242, "self_time": 0, "self_total_time": 2}
{"file_path": "/home/fanxingyu/whq/softwares/scann/scann/base/search_parameters.h", "function_name": "set_searcher_specific_optional_parameters", "begin_line": 122, "end_line": 125, "self_time": 0, "self_total_time": 17}
{"file_path": "/home/fanxingyu/whq/softwares/scann/scann/base/single_machine_base.h", "function_name": "hashed_dataset", "begin_line": 62, "end_line": 64, "self_time": 0, "self_total_time": 6}
{"file_path": "/home/fanxingyu/whq/softwares/scann/scann/utils/common.h", "function_name": "VerifyAllFinite", "begin_line": 389, "end_line": 391, "self_time": 0, "self_total_time": 121}
{"file_path": "/home/fanxingyu/whq/softwares/scann/scann/hashes/asymmetric_hashing2/querying.h", "function_name": "quantization_scheme", "begin_line": 153, "end_line": 155, "self_time": 0, "self_total_time": 26}
{"file_path": "/home/fanxingyu/whq/softwares/scann/scann/hashes/asymmetric_hashing2/training_model.h", "function_name": "centers", "begin_line": 43, "end_line": 43, "self_time": 0, "self_total_time": 4}
{"file_path": "/home/fanxingyu/whq/softwares/scann/scann/utils/fast_top_neighbors_impl.inc", "function_name": "CalculateEqSwapMasks", "begin_line": 39, "end_line": 45, "self_time": 0, "self_total_time": 1175}
{"file_path": "/home/fanxingyu/whq/softwares/scann/scann/utils/fast_top_neighbors_impl.inc", "function_name": "CalculateLtSwapMasks", "begin_line": 30, "end_line": 36, "self_time": 0, "self_total_time": 2711}
{"file_path": "/home/fanxingyu/whq/softwares/scann/scann/utils/fast_top_neighbors_impl.inc", "function_name": "DecrementThreshold", "begin_line": 240, "end_line": 247, "self_time": 0, "self_total_time": 95}
{"file_path": "/home/fanxingyu/whq/softwares/scann/scann/distance_measures/one_to_many/one_to_many_impl.inc", "function_name": "StaticallyInvokeOneToOneDenseDotProduct", "begin_line": 132, "end_line": 148, "self_time": 0, "self_total_time": 588}
{"file_path": "/home/fanxingyu/whq/softwares/scann/scann/distance_measures/many_to_many/many_to_many_impl.inc", "function_name": "TransposeDatabaseBlock", "begin_line": 141, "end_line": 161, "self_time": 0, "self_total_time": 9406}
{"file_path": "/home/fanxingyu/whq/softwares/scann/scann/oss_wrappers/scann_bits.h", "function_name": "Log2Floor64", "begin_line": 53, "end_line": 53, "self_time": 0, "self_total_time": 8}
{"file_path": "/home/fanxingyu/whq/softwares/scann/scann/distance_measures/one_to_many/one_to_many.h", "function_name": "VectorVector", "begin_line": 1090, "end_line": 1093, "self_time": 0, "self_total_time": 40807}
{"file_path": "/home/fanxingyu/whq/softwares/scann/scann/utils/parallel_for.h", "function_name": "RunParallel", "begin_line": 87, "end_line": 109, "self_time": 0, "self_total_time": 540196}
{"file_path": "/home/fanxingyu/whq/softwares/scann/scann/projection/chunking_projection.h", "function_name": "size", "begin_line": 54, "end_line": 54, "self_time": 0, "self_total_time": 6}
{"file_path": "/home/fanxingyu/whq/softwares/scann/scann/base/single_machine_base.h", "function_name": "dataset", "begin_line": 273, "end_line": 273, "self_time": 0, "self_total_time": 1}
{"file_path": "/home/fanxingyu/whq/softwares/scann/scann/utils/top_n_amortized_constant.h", "function_name": "full", "begin_line": 104, "end_line": 104, "self_time": 0, "self_total_time": 19}
{"file_path": "/home/fanxingyu/whq/softwares/scann/scann/tree_x_hybrid/tree_x_params.h", "function_name": "all_leaf_optional_params", "begin_line": 46, "end_line": 49, "self_time": 0, "self_total_time": 2}