{"file_path": "/home/fanxingyu/whq/softwares/zstd/lib/decompress/huf_decompress.c", "function_name": "HUF_decompress4X2_usingDTable_internal_fast_c_loop", "begin_line": 1700, "end_line": 1837, "self_time": 20751, "self_total_time": 22599}
{"file_path": "/home/fanxingyu/whq/softwares/zstd/lib/compress/zstd_double_fast.c", "function_name": "ZSTD_compressBlock_doubleFast_noDict_generic", "begin_line": 97, "end_line": 316, "self_time": 15979, "self_total_time": 18885}
{"file_path": "/home/fanxingyu/whq/softwares/zstd/lib/decompress/zstd_decompress_block.c", "function_name": "ZSTD_execSequence", "begin_line": 963, "end_line": 1059, "self_time": 4315, "self_total_time": 9357}
{"file_path": "/home/fanxingyu/whq/softwares/zstd/lib/decompress/zstd_decompress_block.c", "function_name": "ZSTD_decodeSequence", "begin_line": 1184, "end_line": 1310, "self_time": 4351, "self_total_time": 8149}
{"file_path": "/home/fanxingyu/whq/softwares/zstd/lib/decompress/huf_decompress.c", "function_name": "HUF_decodeSymbolX2", "begin_line": 1447, "end_line": 1454, "self_time": 1041, "self_total_time": 1249}
{"file_path": "/home/fanxingyu/whq/softwares/zstd/lib/compress/huf_compress.c", "function_name": "HUF_encodeSymbol", "begin_line": 951, "end_line": 955, "self_time": 1338, "self_total_time": 1510}
{"file_path": "/home/fanxingyu/whq/softwares/zstd/lib/decompress/zstd_decompress_block.c", "function_name": "ZSTD_buildFSETable_body", "begin_line": 453, "end_line": 572, "self_time": 2603, "self_total_time": 2659}
{"file_path": "/home/fanxingyu/whq/softwares/zstd/lib/compress/hist.c", "function_name": "HIST_count_simple", "begin_line": 29, "end_line": 54, "self_time": 451, "self_total_time": 454}
{"file_path": "/home/fanxingyu/whq/softwares/zstd/lib/common/entropy_common.c", "function_name": "HUF_readStats_body", "begin_line": 242, "end_line": 306, "self_time": 303, "self_total_time": 925}
{"file_path": "/home/fanxingyu/whq/softwares/zstd/lib/compress/huf_compress.c", "function_name": "HUF_flushBits", "begin_line": 904, "end_line": 924, "self_time": 231, "self_total_time": 246}
{"file_path": "/home/fanxingyu/whq/softwares/zstd/lib/decompress/huf_decompress.c", "function_name": "HUF_readDTableX2_wksp", "begin_line": 1361, "end_line": 1444, "self_time": 342, "self_total_time": 1987}
{"file_path": "/home/fanxingyu/whq/softwares/zstd/lib/common/entropy_common.c", "function_name": "FSE_readNCount_body", "begin_line": 41, "end_line": 187, "self_time": 431, "self_total_time": 473}
{"file_path": "/home/fanxingyu/whq/softwares/zstd/lib/compress/hist.c", "function_name": "HIST_count_parallel_wksp", "begin_line": 66, "end_line": 133, "self_time": 1257, "self_total_time": 1568}
{"file_path": "/home/fanxingyu/whq/softwares/zstd/lib/compress/huf_compress.c", "function_name": "HUF_compress1X_usingCTable_internal_body_loop", "begin_line": 957, "end_line": 1009, "self_time": 200, "self_total_time": 2008}
{"file_path": "/home/fanxingyu/whq/softwares/zstd/lib/compress/zstd_compress_sequences.c", "function_name": "ZSTD_encodeSequences_body", "begin_line": 290, "end_line": 382, "self_time": 469, "self_total_time": 1297}
{"file_path": "/home/fanxingyu/whq/softwares/zstd/lib/compress/fse_compress.c", "function_name": "FSE_buildCTable_wksp", "begin_line": 68, "end_line": 214, "self_time": 212, "self_total_time": 217}
{"file_path": "/home/fanxingyu/whq/softwares/zstd/lib/compress/fse_compress.c", "function_name": "FSE_writeNCount_generic", "begin_line": 233, "end_line": 326, "self_time": 61, "self_total_time": 61}
{"file_path": "/home/fanxingyu/whq/softwares/zstd/lib/compress/huf_compress.c", "function_name": "HUF_buildCTableFromTree", "begin_line": 705, "end_line": 727, "self_time": 59, "self_total_time": 59}
{"file_path": "/home/fanxingyu/whq/softwares/zstd/lib/decompress/huf_decompress.c", "function_name": "HUF_decodeStreamX2", "begin_line": 1485, "end_line": 1528, "self_time": 149, "self_total_time": 1493}
{"file_path": "/home/fanxingyu/whq/softwares/zstd/lib/decompress/huf_decompress.c", "function_name": "HUF_decompress4X2_usingDTable_internal_fast", "begin_line": 1840, "end_line": 1888, "self_time": 11, "self_total_time": 24141}
{"file_path": "/home/fanxingyu/whq/softwares/zstd/lib/decompress/huf_decompress.c", "function_name": "HUF_fillDTableX2ForWeight", "begin_line": 1192, "end_line": 1247, "self_time": 455, "self_total_time": 479}
{"file_path": "/home/fanxingyu/whq/softwares/zstd/lib/decompress/huf_decompress.c", "function_name": "HUF_fillDTableX2Level2", "begin_line": 1251, "end_line": 1304, "self_time": 205, "self_total_time": 669}
{"file_path": "/home/fanxingyu/whq/softwares/zstd/lib/compress/huf_compress.c", "function_name": "HUF_simpleQuickSort", "begin_line": 566, "end_line": 582, "self_time": 4, "self_total_time": 97}
{"file_path": "/home/fanxingyu/whq/softwares/zstd/lib/decompress/zstd_decompress.c", "function_name": "ZSTD_decompressBegin", "begin_line": 1530, "end_line": 1555, "self_time": 10, "self_total_time": 10}
{"file_path": "/home/fanxingyu/whq/softwares/zstd/lib/decompress/zstd_decompress.c", "function_name": "ZSTD_decompressFrame", "begin_line": 944, "end_line": 1050, "self_time": 18, "self_total_time": 50080}
{"file_path": "/home/fanxingyu/whq/softwares/zstd/lib/decompress/zstd_decompress_block.c", "function_name": "ZSTD_decompressSequences_body", "begin_line": 1578, "end_line": 1665, "self_time": 224, "self_total_time": 20745}
{"file_path": "/home/fanxingyu/whq/softwares/zstd/lib/compress/zstd_compress.c", "function_name": "ZSTD_seqToCodes", "begin_line": 2587, "end_line": 2613, "self_time": 284, "self_total_time": 295}
{"file_path": "/home/fanxingyu/whq/softwares/zstd/lib/common/fse_decompress.c", "function_name": "FSE_decompress_usingDTable_generic", "begin_line": 176, "end_line": 236, "self_time": 8, "self_total_time": 447}
{"file_path": "/home/fanxingyu/whq/softwares/zstd/lib/common/fse_decompress.c", "function_name": "FSE_decompress_wksp_bmi2", "begin_line": 300, "end_line": 309, "self_time": 2, "self_total_time": 622}
{"file_path": "/home/fanxingyu/whq/softwares/zstd/lib/common/fse_decompress.c", "function_name": "FSE_decompress_wksp_body", "begin_line": 244, "end_line": 285, "self_time": 1, "self_total_time": 620}
{"file_path": "/home/fanxingyu/whq/softwares/zstd/lib/common/fse_decompress.c", "function_name": "FSE_decompress_wksp_body_default", "begin_line": 288, "end_line": 291, "self_time": 0, "self_total_time": 620}
{"file_path": "/home/fanxingyu/whq/softwares/zstd/lib/common/entropy_common.c", "function_name": "FSE_readNCount_body_default", "begin_line": 190, "end_line": 195, "self_time": 11, "self_total_time": 484}
{"file_path": "/home/fanxingyu/whq/softwares/zstd/lib/compress/hist.c", "function_name": "HIST_countFast_wksp", "begin_line": 140, "end_line": 149, "self_time": 1, "self_total_time": 411}
{"file_path": "/home/fanxingyu/whq/softwares/zstd/lib/compress/huf_compress.c", "function_name": "HUF_buildCTable_wksp", "begin_line": 729, "end_line": 765, "self_time": 0, "self_total_time": 306}
{"file_path": "/home/fanxingyu/whq/softwares/zstd/lib/compress/huf_compress.c", "function_name": "HUF_compress1X_usingCTable_internal", "begin_line": 1118, "end_line": 1125, "self_time": 0, "self_total_time": 2014}
{"file_path": "/home/fanxingyu/whq/softwares/zstd/lib/compress/huf_compress.c", "function_name": "HUF_compress1X_usingCTable_internal_body", "begin_line": 1022, "end_line": 1085, "self_time": 2, "self_total_time": 2014}
{"file_path": "/home/fanxingyu/whq/softwares/zstd/lib/compress/huf_compress.c", "function_name": "HUF_compress4X_repeat", "begin_line": 1424, "end_line": 1435, "self_time": 4, "self_total_time": 4044}
{"file_path": "/home/fanxingyu/whq/softwares/zstd/lib/compress/huf_compress.c", "function_name": "HUF_compress4X_usingCTable_internal", "begin_line": 1134, "end_line": 1182, "self_time": 0, "self_total_time": 2014}
{"file_path": "/home/fanxingyu/whq/softwares/zstd/lib/compress/huf_compress.c", "function_name": "HUF_compressCTable_internal", "begin_line": 1191, "end_line": 1206, "self_time": 0, "self_total_time": 2014}
{"file_path": "/home/fanxingyu/whq/softwares/zstd/lib/compress/huf_compress.c", "function_name": "HUF_compress_internal", "begin_line": 1297, "end_line": 1405, "self_time": 4, "self_total_time": 4040}
{"file_path": "/home/fanxingyu/whq/softwares/zstd/lib/decompress/huf_decompress.c", "function_name": "HUF_decompress4X2_DCtx_wksp", "begin_line": 1940, "end_line": 1953, "self_time": 10, "self_total_time": 26142}
{"file_path": "/home/fanxingyu/whq/softwares/zstd/lib/decompress/huf_decompress.c", "function_name": "HUF_decompress4X2_usingDTable_internal", "begin_line": 1890, "end_line": 1921, "self_time": 4, "self_total_time": 24145}
{"file_path": "/home/fanxingyu/whq/softwares/zstd/lib/decompress/huf_decompress.c", "function_name": "HUF_decompress4X_hufOnly_wksp", "begin_line": 2095, "end_line": 2115, "self_time": 4, "self_total_time": 26155}
{"file_path": "/home/fanxingyu/whq/softwares/zstd/lib/decompress/huf_decompress.c", "function_name": "HUF_fillDTableX2", "begin_line": 1306, "end_line": 1350, "self_time": 36, "self_total_time": 720}
{"file_path": "/home/fanxingyu/whq/softwares/zstd/lib/common/entropy_common.c", "function_name": "HUF_readStats_body_default", "begin_line": 309, "end_line": 315, "self_time": 0, "self_total_time": 925}
{"file_path": "/home/fanxingyu/whq/softwares/zstd/lib/common/entropy_common.c", "function_name": "HUF_readStats_wksp", "begin_line": 327, "end_line": 340, "self_time": 0, "self_total_time": 925}
{"file_path": "/home/fanxingyu/whq/softwares/zstd/lib/compress/huf_compress.c", "function_name": "HUF_sort", "begin_line": 595, "end_line": 640, "self_time": 123, "self_total_time": 191}
{"file_path": "/home/fanxingyu/whq/softwares/zstd/lib/compress/zstd_compress_sequences.c", "function_name": "ZSTD_buildCTable", "begin_line": 242, "end_line": 288, "self_time": 5, "self_total_time": 293}
{"file_path": "/home/fanxingyu/whq/softwares/zstd/lib/decompress/zstd_decompress_block.c", "function_name": "ZSTD_buildFSETable", "begin_line": 595, "end_line": 610, "self_time": 1, "self_total_time": 2661}
{"file_path": "/home/fanxingyu/whq/softwares/zstd/lib/decompress/zstd_decompress_block.c", "function_name": "ZSTD_buildFSETable_body_default", "begin_line": 575, "end_line": 582, "self_time": 1, "self_total_time": 2660}
{"file_path": "/home/fanxingyu/whq/softwares/zstd/lib/compress/zstd_compress.c", "function_name": "ZSTD_buildSeqStore", "begin_line": 3099, "end_line": 3266, "self_time": 0, "self_total_time": 18885}
{"file_path": "/home/fanxingyu/whq/softwares/zstd/lib/decompress/zstd_decompress_block.c", "function_name": "ZSTD_buildSeqTable", "begin_line": 616, "end_line": 662, "self_time": 17, "self_total_time": 3109}
{"file_path": "/home/fanxingyu/whq/softwares/zstd/lib/compress/zstd_compress.c", "function_name": "ZSTD_buildSequencesStatistics", "begin_line": 2656, "end_line": 2774, "self_time": 6, "self_total_time": 1005}
{"file_path": "/home/fanxingyu/whq/softwares/zstd/lib/compress/zstd_double_fast.c", "function_name": "ZSTD_compressBlock_doubleFast", "begin_line": 564, "end_line": 581, "self_time": 0, "self_total_time": 18341}
{"file_path": "/home/fanxingyu/whq/softwares/zstd/lib/compress/zstd_double_fast.c", "function_name": "ZSTD_compressBlock_doubleFast_noDict_4", "begin_line": 553, "end_line": 553, "self_time": 0, "self_total_time": 544}
{"file_path": "/home/fanxingyu/whq/softwares/zstd/lib/compress/zstd_double_fast.c", "function_name": "ZSTD_compressBlock_doubleFast_noDict_5", "begin_line": 554, "end_line": 554, "self_time": 0, "self_total_time": 18341}
{"file_path": "/home/fanxingyu/whq/softwares/zstd/lib/compress/zstd_compress.c", "function_name": "ZSTD_compressBlock_internal", "begin_line": 4180, "end_line": 4242, "self_time": 3, "self_total_time": 25251}
{"file_path": "/home/fanxingyu/whq/softwares/zstd/lib/compress/zstd_compress.c", "function_name": "ZSTD_compressContinue_internal", "begin_line": 4532, "end_line": 4591, "self_time": 2, "self_total_time": 25259}
{"file_path": "/home/fanxingyu/whq/softwares/zstd/lib/compress/zstd_compress.c", "function_name": "ZSTD_compressEnd", "begin_line": 5092, "end_line": 5116, "self_time": 4, "self_total_time": 25264}
{"file_path": "/home/fanxingyu/whq/softwares/zstd/lib/compress/zstd_compress_literals.c", "function_name": "ZSTD_compressLiterals", "begin_line": 129, "end_line": 235, "self_time": 3, "self_total_time": 4056}
{"file_path": "/home/fanxingyu/whq/softwares/zstd/lib/compress/zstd_compress.c", "function_name": "ZSTD_compress_frameChunk", "begin_line": 4351, "end_line": 4430, "self_time": 3, "self_total_time": 25255}
{"file_path": "/home/fanxingyu/whq/softwares/zstd/lib/decompress/zstd_decompress.c", "function_name": "ZSTD_decodeFrameHeader", "begin_line": 695, "end_line": 717, "self_time": 6, "self_total_time": 15}
{"file_path": "/home/fanxingyu/whq/softwares/zstd/lib/decompress/zstd_decompress_block.c", "function_name": "ZSTD_decodeLiteralsBlock", "begin_line": 119, "end_line": 321, "self_time": 11, "self_total_time": 26166}
{"file_path": "/home/fanxingyu/whq/softwares/zstd/lib/decompress/zstd_decompress_block.c", "function_name": "ZSTD_decodeSeqHeaders", "begin_line": 664, "end_line": 741, "self_time": 9, "self_total_time": 3118}
{"file_path": "/home/fanxingyu/whq/softwares/zstd/lib/decompress/zstd_decompress.c", "function_name": "ZSTD_decompressBegin_usingDict", "begin_line": 1557, "end_line": 1565, "self_time": 1, "self_total_time": 12}
{"file_path": "/home/fanxingyu/whq/softwares/zstd/lib/decompress/zstd_decompress_block.c", "function_name": "ZSTD_decompressBlock_internal", "begin_line": 2063, "end_line": 2170, "self_time": 3, "self_total_time": 58572}
{"file_path": "/home/fanxingyu/whq/softwares/zstd/lib/decompress/zstd_decompress.c", "function_name": "ZSTD_decompressMultiFrame", "begin_line": 1052, "end_line": 1141, "self_time": 9, "self_total_time": 50108}
{"file_path": "/home/fanxingyu/whq/softwares/zstd/lib/decompress/zstd_decompress_block.c", "function_name": "ZSTD_decompressSequences_default", "begin_line": 1667, "end_line": 1675, "self_time": 2, "self_total_time": 20747}
{"file_path": "/home/fanxingyu/whq/softwares/zstd/lib/compress/zstd_compress_sequences.c", "function_name": "ZSTD_encodeSequences", "begin_line": 419, "end_line": 442, "self_time": 0, "self_total_time": 1297}
{"file_path": "/home/fanxingyu/whq/softwares/zstd/lib/compress/zstd_compress_sequences.c", "function_name": "ZSTD_encodeSequences_default", "begin_line": 384, "end_line": 397, "self_time": 0, "self_total_time": 1297}
{"file_path": "/home/fanxingyu/whq/softwares/zstd/lib/compress/zstd_compress.c", "function_name": "ZSTD_entropyCompressSeqStore", "begin_line": 2901, "end_line": 2936, "self_time": 0, "self_total_time": 6362}
{"file_path": "/home/fanxingyu/whq/softwares/zstd/lib/compress/zstd_compress.c", "function_name": "ZSTD_entropyCompressSeqStore_internal", "begin_line": 2781, "end_line": 2899, "self_time": 4, "self_total_time": 6362}
{"file_path": "/home/fanxingyu/whq/softwares/zstd/lib/decompress/zstd_decompress_block.c", "function_name": "ZSTD_updateFseStateWithDInfo", "begin_line": 1165, "end_line": 1170, "self_time": 6, "self_total_time": 2702}
{"file_path": "/home/fanxingyu/whq/softwares/zstd/lib/compress/huf_compress.c", "function_name": "HUF_addBits", "begin_line": 844, "end_line": 876, "self_time": 174, "self_total_time": 174}
{"file_path": "/home/fanxingyu/whq/softwares/zstd/lib/common/fse_decompress.c", "function_name": "FSE_buildDTable_internal", "begin_line": 59, "end_line": 162, "self_time": 115, "self_total_time": 118}
{"file_path": "/home/fanxingyu/whq/softwares/zstd/lib/compress/huf_compress.c", "function_name": "HUF_buildTree", "begin_line": 656, "end_line": 693, "self_time": 35, "self_total_time": 35}
{"file_path": "/home/fanxingyu/whq/softwares/zstd/lib/decompress/huf_decompress.c", "function_name": "HUF_initFastDStream", "begin_line": 147, "end_line": 154, "self_time": 23, "self_total_time": 23}
{"file_path": "/home/fanxingyu/whq/softwares/zstd/lib/compress/huf_compress.c", "function_name": "HUF_quickSortPartition", "begin_line": 546, "end_line": 561, "self_time": 28, "self_total_time": 50}
{"file_path": "/home/fanxingyu/whq/softwares/zstd/lib/decompress/huf_decompress.c", "function_name": "HUF_selectDecoder", "begin_line": 1992, "end_line": 2014, "self_time": 9, "self_total_time": 9}
{"file_path": "/home/fanxingyu/whq/softwares/zstd/lib/decompress/zstd_decompress.c", "function_name": "ZSTD_decompressDCtx", "begin_line": 1169, "end_line": 1172, "self_time": 1, "self_total_time": 6}
{"file_path": "/home/fanxingyu/whq/softwares/zstd/lib/decompress/huf_decompress.c", "function_name": "HUF_DecompressFastArgs_init", "begin_line": 187, "end_line": 272, "self_time": 4, "self_total_time": 29}
{"file_path": "/home/fanxingyu/whq/softwares/zstd/lib/compress/huf_compress.c", "function_name": "HUF_compressWeights", "begin_line": 146, "end_line": 186, "self_time": 1, "self_total_time": 119}
{"file_path": "/home/fanxingyu/whq/softwares/zstd/lib/compress/huf_compress.c", "function_name": "HUF_writeCTable_wksp", "begin_line": 229, "end_line": 267, "self_time": 12, "self_total_time": 131}
{"file_path": "/home/fanxingyu/whq/softwares/zstd/lib/decompress/zstd_decompress_block.c", "function_name": "ZSTD_overlapCopy8", "begin_line": 770, "end_line": 790, "self_time": 65, "self_total_time": 205}
{"file_path": "/home/fanxingyu/whq/softwares/zstd/lib/compress/huf_compress.c", "function_name": "HUF_swapNodes", "begin_line": 512, "end_line": 516, "self_time": 22, "self_total_time": 22}
{"file_path": "/home/fanxingyu/whq/softwares/zstd/lib/decompress/zstd_decompress_block.c", "function_name": "ZSTD_copy4", "begin_line": 47, "end_line": 47, "self_time": 76, "self_total_time": 76}
{"file_path": "/home/fanxingyu/whq/softwares/zstd/lib/decompress/huf_decompress.c", "function_name": "HUF_buildDEltX2U32", "begin_line": 1143, "end_line": 1157, "self_time": 23, "self_total_time": 23}
{"file_path": "/home/fanxingyu/whq/softwares/zstd/lib/compress/huf_compress.c", "function_name": "HUF_mergeIndex1", "begin_line": 888, "end_line": 895, "self_time": 52, "self_total_time": 52}
{"file_path": "/home/fanxingyu/whq/softwares/zstd/lib/compress/zstd_compress.c", "function_name": "ZSTD_resetCCtx_internal", "begin_line": 1998, "end_line": 2176, "self_time": 9, "self_total_time": 11}
{"file_path": "/home/fanxingyu/whq/softwares/zstd/lib/compress/fse_compress.c", "function_name": "FSE_compress_usingCTable_generic", "begin_line": 550, "end_line": 607, "self_time": 1, "self_total_time": 46}
{"file_path": "/home/fanxingyu/whq/softwares/zstd/lib/decompress/huf_decompress.c", "function_name": "HUF_buildDEltX2", "begin_line": 1162, "end_line": 1169, "self_time": 0, "self_total_time": 23}
{"file_path": "/home/fanxingyu/whq/softwares/zstd/lib/decompress/huf_decompress.c", "function_name": "HUF_decodeLastSymbolX2", "begin_line": 1456, "end_line": 1472, "self_time": 5, "self_total_time": 7}
{"file_path": "/home/fanxingyu/whq/softwares/zstd/lib/compress/zstd_compress.c", "function_name": "ZSTD_compressBegin_internal", "begin_line": 4929, "end_line": 4974, "self_time": 1, "self_total_time": 12}
{"file_path": "/home/fanxingyu/whq/softwares/zstd/lib/compress/zstd_compress.c", "function_name": "ZSTD_compress_advanced_internal", "begin_line": 5135, "end_line": 5147, "self_time": 0, "self_total_time": 12}
{"file_path": "/home/fanxingyu/whq/softwares/zstd/lib/compress/zstd_compress.c", "function_name": "ZSTD_compress_usingDict", "begin_line": 5149, "end_line": 5162, "self_time": 0, "self_total_time": 20}
{"file_path": "/home/fanxingyu/whq/softwares/zstd/lib/decompress/zstd_decompress.c", "function_name": "ZSTD_frameHeaderSize_internal", "begin_line": 412, "end_line": 425, "self_time": 11, "self_total_time": 11}
{"file_path": "/home/fanxingyu/whq/softwares/zstd/lib/decompress/zstd_decompress.c", "function_name": "ZSTD_getFrameHeader_advanced", "begin_line": 443, "end_line": 545, "self_time": 4, "self_total_time": 7}
{"file_path": "/home/fanxingyu/whq/softwares/zstd/lib/decompress/huf_decompress.c", "function_name": "HUF_initRemainingDStream", "begin_line": 274, "end_line": 296, "self_time": 7, "self_total_time": 9}
{"file_path": "/home/fanxingyu/whq/softwares/zstd/lib/decompress/zstd_decompress_block.c", "function_name": "ZSTD_initFseState", "begin_line": 1153, "end_line": 1163, "self_time": 0, "self_total_time": 20}
{"file_path": "/home/fanxingyu/whq/softwares/zstd/lib/compress/fse_compress.c", "function_name": "FSE_normalizeCount", "begin_line": 464, "end_line": 524, "self_time": 35, "self_total_time": 35}
{"file_path": "/home/fanxingyu/whq/softwares/zstd/lib/decompress/zstd_decompress_block.c", "function_name": "ZSTD_getcBlockSize", "begin_line": 56, "end_line": 70, "self_time": 4, "self_total_time": 4}
{"file_path": "/home/fanxingyu/whq/softwares/zstd/lib/decompress/zstd_decompress_block.c", "function_name": "ZSTD_safecopy", "begin_line": 803, "end_line": 838, "self_time": 15, "self_total_time": 19}
{"file_path": "/home/fanxingyu/whq/softwares/zstd/lib/decompress/zstd_decompress_block.c", "function_name": "ZSTD_execSequenceEnd", "begin_line": 871, "end_line": 913, "self_time": 7, "self_total_time": 26}
{"file_path": "/home/fanxingyu/whq/softwares/zstd/lib/compress/huf_compress.c", "function_name": "HUF_closeCStream", "begin_line": 940, "end_line": 949, "self_time": 1, "self_total_time": 3}
{"file_path": "/home/fanxingyu/whq/softwares/zstd/lib/decompress/huf_decompress.c", "function_name": "HUF_getDTableDesc", "begin_line": 140, "end_line": 145, "self_time": 2, "self_total_time": 2}
{"file_path": "/home/fanxingyu/whq/softwares/zstd/lib/compress/huf_compress.c", "function_name": "HUF_insertionSort", "begin_line": 530, "end_line": 543, "self_time": 14, "self_total_time": 14}
{"file_path": "/home/fanxingyu/whq/softwares/zstd/lib/compress/fse_compress.c", "function_name": "FSE_compress_usingCTable", "begin_line": 609, "end_line": 619, "self_time": 1, "self_total_time": 1}
{"file_path": "/home/fanxingyu/whq/softwares/zstd/lib/compress/zstd_compress.c", "function_name": "ZSTD_getCParams_internal", "begin_line": 6868, "end_line": 6891, "self_time": 6, "self_total_time": 8}
{"file_path": "/home/fanxingyu/whq/softwares/zstd/lib/decompress/zstd_ddict.c", "function_name": "ZSTD_freeDDict", "begin_line": 211, "end_line": 219, "self_time": 1, "self_total_time": 1}
{"file_path": "/home/fanxingyu/whq/softwares/zstd/lib/decompress/zstd_decompress.c", "function_name": "ZSTD_clearDict", "begin_line": 312, "end_line": 318, "self_time": 0, "self_total_time": 2}
{"file_path": "/home/fanxingyu/whq/softwares/zstd/lib/decompress/zstd_decompress.c", "function_name": "ZSTD_getDDict", "begin_line": 1152, "end_line": 1167, "self_time": 3, "self_total_time": 7}
{"file_path": "/home/fanxingyu/whq/softwares/zstd/lib/compress/zstd_compress.c", "function_name": "ZSTD_getParams", "begin_line": 6920, "end_line": 6923, "self_time": 2, "self_total_time": 6}
{"file_path": "/home/fanxingyu/whq/softwares/zstd/lib/compress/zstd_compress.c", "function_name": "ZSTD_getParams_internal", "begin_line": 6906, "end_line": 6914, "self_time": 2, "self_total_time": 10}
{"file_path": "/home/fanxingyu/whq/softwares/zstd/lib/compress/huf_compress.c", "function_name": "HUF_setMaxHeight", "begin_line": 351, "end_line": 473, "self_time": 14, "self_total_time": 14}
{"file_path": "/home/fanxingyu/whq/softwares/zstd/lib/compress/fse_compress.c", "function_name": "FSE_optimalTableLog_internal", "begin_line": 356, "end_line": 368, "self_time": 1, "self_total_time": 1}
{"file_path": "/home/fanxingyu/whq/softwares/zstd/lib/compress/huf_compress.c", "function_name": "HUF_alignUpWorkspace", "begin_line": 112, "end_line": 129, "self_time": 2, "self_total_time": 2}
{"file_path": "/home/fanxingyu/whq/softwares/zstd/lib/compress/fse_compress.c", "function_name": "FSE_optimalTableLog", "begin_line": 370, "end_line": 373, "self_time": 0, "self_total_time": 1}
{"file_path": "/home/fanxingyu/whq/softwares/zstd/lib/decompress/huf_decompress.c", "function_name": "HUF_buildDEltX2U64", "begin_line": 1174, "end_line": 1178, "self_time": 1, "self_total_time": 1}
{"file_path": "/home/fanxingyu/whq/softwares/zstd/lib/compress/huf_compress.c", "function_name": "HUF_initCStream", "begin_line": 823, "end_line": 832, "self_time": 1, "self_total_time": 1}
{"file_path": "/home/fanxingyu/whq/softwares/zstd/lib/compress/zstd_compress.c", "function_name": "ZSTD_CCtxParams_init_internal", "begin_line": 381, "end_line": 402, "self_time": 2, "self_total_time": 2}
{"file_path": "/home/fanxingyu/whq/softwares/zstd/lib/compress/zstd_compress.c", "function_name": "ZSTD_blockState_confirmRepcodesAndEntropyTables", "begin_line": 3407, "end_line": 3413, "self_time": 1, "self_total_time": 1}
{"file_path": "/home/fanxingyu/whq/softwares/zstd/lib/compress/zstd_compress.c", "function_name": "ZSTD_estimateCCtxSize_usingCCtxParams_internal", "begin_line": 1622, "end_line": 1672, "self_time": 1, "self_total_time": 1}
{"file_path": "/home/fanxingyu/whq/softwares/zstd/lib/common/zstd_common.c", "function_name": "ZSTD_getErrorCode", "begin_line": 45, "end_line": 45, "self_time": 0, "self_total_time": 1}
{"file_path": "/home/fanxingyu/whq/softwares/zstd/lib/compress/zstd_compress.c", "function_name": "ZSTD_compressCCtx", "begin_line": 5164, "end_line": 5172, "self_time": 1, "self_total_time": 1}
{"file_path": "/home/fanxingyu/whq/softwares/zstd/lib/common/zstd_common.c", "function_name": "ZSTD_isError", "begin_line": 37, "end_line": 37, "self_time": 0, "self_total_time": 1}
{"file_path": "/home/fanxingyu/whq/softwares/zstd/lib/compress/zstd_compress.c", "function_name": "ZSTD_cycleLog", "begin_line": 1388, "end_line": 1392, "self_time": 1, "self_total_time": 1}
{"file_path": "/home/fanxingyu/whq/softwares/zstd/lib/compress/zstd_compress.c", "function_name": "ZSTD_adjustCParams_internal", "begin_line": 1435, "end_line": 1530, "self_time": 0, "self_total_time": 1}
{"file_path": "/home/fanxingyu/whq/softwares/zstd/lib/compress/zstd_compress.c", "function_name": "ZSTD_writeFrameHeader", "begin_line": 4433, "end_line": 4479, "self_time": 1, "self_total_time": 1}
{"file_path": "/home/fanxingyu/whq/softwares/zstd/lib/common/entropy_common.c", "function_name": "FSE_readNCount_bmi2", "begin_line": 206, "end_line": 217, "self_time": 1, "self_total_time": 1}
{"file_path": "/home/fanxingyu/whq/softwares/zstd/lib/common/entropy_common.c", "function_name": "FSE_readNCount", "begin_line": 219, "end_line": 224, "self_time": 0, "self_total_time": 1}
{"file_path": "/home/fanxingyu/whq/softwares/zstd/lib/decompress/zstd_decompress.c", "function_name": "ZSTD_DCtx_trace_end", "begin_line": 913, "end_line": 937, "self_time": 2, "self_total_time": 2}
{"file_path": "/home/fanxingyu/whq/softwares/zstd/lib/decompress/zstd_decompress_block.c", "function_name": "ZSTD_checkContinuity", "begin_line": 2173, "end_line": 2181, "self_time": 2, "self_total_time": 2}
{"file_path": "/home/fanxingyu/whq/softwares/zstd/lib/compress/zstd_compress.c", "function_name": "ZSTD_reset_matchState", "begin_line": 1891, "end_line": 1967, "self_time": 0, "self_total_time": 1}
{"file_path": "/home/fanxingyu/whq/softwares/zstd/lib/compress/fse_compress.c", "function_name": "FSE_NCountWriteBound", "begin_line": 223, "end_line": 231, "self_time": 1, "self_total_time": 1}
{"file_path": "/home/fanxingyu/whq/softwares/zstd/lib/compress/fse_compress.c", "function_name": "FSE_writeNCount", "begin_line": 329, "end_line": 339, "self_time": 0, "self_total_time": 1}
{"file_path": "/home/fanxingyu/whq/softwares/zstd/lib/compress/zstd_compress.c", "function_name": "ZSTD_CCtx_trace", "begin_line": 5068, "end_line": 5090, "self_time": 1, "self_total_time": 1}
{"file_path": "/home/fanxingyu/whq/softwares/zstd/lib/compress/zstd_compress.c", "function_name": "ZSTD_cParam_getBounds", "begin_line": 428, "end_line": 641, "self_time": 1, "self_total_time": 1}
{"file_path": "/home/fanxingyu/whq/softwares/zstd/lib/compress/zstd_compress.c", "function_name": "ZSTD_CCtxParams_setParameter", "begin_line": 771, "end_line": 1014, "self_time": 0, "self_total_time": 1}
{"file_path": "/home/fanxingyu/whq/softwares/zstd/lib/compress/zstd_compress.c", "function_name": "ZSTD_cParam_clampBounds", "begin_line": 646, "end_line": 653, "self_time": 0, "self_total_time": 1}
